"TIME","GEO","ANIMALS","MONTH","UNIT","Value","Flag and Footnotes"
"2010","Europäische Union - 28 Länder","Lebende Rinder","Dezember","Tausend Köpfe (Tiere)","87.831,49",""
"2010","Europäische Union - 27 Länder (2007-2013)","Lebende Rinder","Dezember","Tausend Köpfe (Tiere)","87.387,19",""
"2010","Europäische Union - 25 Länder (2004-2006)","Lebende Rinder","Dezember","Tausend Köpfe (Tiere)","84.832,39",""
"2010","Europäische Union - 15 Länder (1995-2004)","Lebende Rinder","Dezember","Tausend Köpfe (Tiere)","74.898,50","b"
"2010","Belgien","Lebende Rinder","Dezember","Tausend Köpfe (Tiere)","2.509,54",""
"2010","Bulgarien","Lebende Rinder","Dezember","Tausend Köpfe (Tiere)","553,70",""
"2010","Tschechien","Lebende Rinder","Dezember","Tausend Köpfe (Tiere)","1.319,41",""
"2010","Dänemark","Lebende Rinder","Dezember","Tausend Köpfe (Tiere)","1.630,00",""
"2010","Deutschland (bis 1990 früheres Gebiet der BRD)","Lebende Rinder","Dezember","Tausend Köpfe (Tiere)","12.706,23",""
"2010","Estland","Lebende Rinder","Dezember","Tausend Köpfe (Tiere)","236,30",""
"2010","Irland","Lebende Rinder","Dezember","Tausend Köpfe (Tiere)","5.917,70",""
"2010","Griechenland","Lebende Rinder","Dezember","Tausend Köpfe (Tiere)","679,00",""
"2010","Spanien","Lebende Rinder","Dezember","Tausend Köpfe (Tiere)","6.075,08",""
"2010","Frankreich","Lebende Rinder","Dezember","Tausend Köpfe (Tiere)","19.599,00",""
"2010","Kroatien","Lebende Rinder","Dezember","Tausend Köpfe (Tiere)","444,30",""
"2010","Italien","Lebende Rinder","Dezember","Tausend Köpfe (Tiere)","5.832,46","b"
"2010","Zypern","Lebende Rinder","Dezember","Tausend Köpfe (Tiere)","54,72",""
"2010","Lettland","Lebende Rinder","Dezember","Tausend Köpfe (Tiere)","379,49",""
"2010","Litauen","Lebende Rinder","Dezember","Tausend Köpfe (Tiere)","748,00",""
"2010","Luxemburg","Lebende Rinder","Dezember","Tausend Köpfe (Tiere)","194,01",""
"2010","Ungarn","Lebende Rinder","Dezember","Tausend Köpfe (Tiere)","682,00",""
"2010","Malta","Lebende Rinder","Dezember","Tausend Köpfe (Tiere)","14,95",""
"2010","Niederlande","Lebende Rinder","Dezember","Tausend Köpfe (Tiere)","3.960,00",""
"2010","Österreich","Lebende Rinder","Dezember","Tausend Köpfe (Tiere)","2.013,28",""
"2010","Polen","Lebende Rinder","Dezember","Tausend Köpfe (Tiere)","5.561,75",""
"2010","Portugal","Lebende Rinder","Dezember","Tausend Köpfe (Tiere)","1.502,76",""
"2010","Rumänien","Lebende Rinder","Dezember","Tausend Köpfe (Tiere)","2.001,10",""
"2010","Slowenien","Lebende Rinder","Dezember","Tausend Köpfe (Tiere)","470,15",""
"2010","Slowakei","Lebende Rinder","Dezember","Tausend Köpfe (Tiere)","467,13",""
"2010","Finnland","Lebende Rinder","Dezember","Tausend Köpfe (Tiere)","908,93",""
"2010","Schweden","Lebende Rinder","Dezember","Tausend Köpfe (Tiere)","1.474,50",""
"2010","Vereinigtes Königreich","Lebende Rinder","Dezember","Tausend Köpfe (Tiere)","9.896,00",""
"2010","Island","Lebende Rinder","Dezember","Tausend Köpfe (Tiere)",":",""
"2010","Schweiz","Lebende Rinder","Dezember","Tausend Köpfe (Tiere)",":",""
"2010","Montenegro","Lebende Rinder","Dezember","Tausend Köpfe (Tiere)",":",""
"2010","Nordmazedonien","Lebende Rinder","Dezember","Tausend Köpfe (Tiere)",":",""
"2010","Albanien","Lebende Rinder","Dezember","Tausend Köpfe (Tiere)",":",""
"2010","Serbien","Lebende Rinder","Dezember","Tausend Köpfe (Tiere)","938,00",""
"2010","Türkei","Lebende Rinder","Dezember","Tausend Köpfe (Tiere)",":",""
"2010","Bosnien und Herzegowina","Lebende Rinder","Dezember","Tausend Köpfe (Tiere)","462,00",""
"2010","Kosovo (gemäß der Resolution 1244/99 des Sicherheitsrates der Vereinten Nationen)","Lebende Rinder","Dezember","Tausend Köpfe (Tiere)",":",""
"2011","Europäische Union - 28 Länder","Lebende Rinder","Dezember","Tausend Köpfe (Tiere)","87.054,22",""
"2011","Europäische Union - 27 Länder (2007-2013)","Lebende Rinder","Dezember","Tausend Köpfe (Tiere)","86.607,72",""
"2011","Europäische Union - 25 Länder (2004-2006)","Lebende Rinder","Dezember","Tausend Köpfe (Tiere)","84.051,29",""
"2011","Europäische Union - 15 Länder (1995-2004)","Lebende Rinder","Dezember","Tausend Köpfe (Tiere)","74.144,92",""
"2011","Belgien","Lebende Rinder","Dezember","Tausend Köpfe (Tiere)","2.471,60",""
"2011","Bulgarien","Lebende Rinder","Dezember","Tausend Köpfe (Tiere)","567,53",""
"2011","Tschechien","Lebende Rinder","Dezember","Tausend Köpfe (Tiere)","1.339,48",""
"2011","Dänemark","Lebende Rinder","Dezember","Tausend Köpfe (Tiere)","1.612,00",""
"2011","Deutschland (bis 1990 früheres Gebiet der BRD)","Lebende Rinder","Dezember","Tausend Köpfe (Tiere)","12.527,84",""
"2011","Estland","Lebende Rinder","Dezember","Tausend Köpfe (Tiere)","238,30",""
"2011","Irland","Lebende Rinder","Dezember","Tausend Köpfe (Tiere)","5.925,32",""
"2011","Griechenland","Lebende Rinder","Dezember","Tausend Köpfe (Tiere)","681,00",""
"2011","Spanien","Lebende Rinder","Dezember","Tausend Köpfe (Tiere)","5.923,11",""
"2011","Frankreich","Lebende Rinder","Dezember","Tausend Köpfe (Tiere)","19.129,00",""
"2011","Kroatien","Lebende Rinder","Dezember","Tausend Köpfe (Tiere)","446,50",""
"2011","Italien","Lebende Rinder","Dezember","Tausend Köpfe (Tiere)","6.251,93",""
"2011","Zypern","Lebende Rinder","Dezember","Tausend Köpfe (Tiere)","56,92",""
"2011","Lettland","Lebende Rinder","Dezember","Tausend Köpfe (Tiere)","380,61",""
"2011","Litauen","Lebende Rinder","Dezember","Tausend Köpfe (Tiere)","752,40",""
"2011","Luxemburg","Lebende Rinder","Dezember","Tausend Köpfe (Tiere)","188,09",""
"2011","Ungarn","Lebende Rinder","Dezember","Tausend Köpfe (Tiere)","697,00",""
"2011","Malta","Lebende Rinder","Dezember","Tausend Köpfe (Tiere)","15,07",""
"2011","Niederlande","Lebende Rinder","Dezember","Tausend Köpfe (Tiere)","3.912,00",""
"2011","Österreich","Lebende Rinder","Dezember","Tausend Köpfe (Tiere)","1.976,53",""
"2011","Polen","Lebende Rinder","Dezember","Tausend Köpfe (Tiere)","5.500,94",""
"2011","Portugal","Lebende Rinder","Dezember","Tausend Köpfe (Tiere)","1.519,11",""
"2011","Rumänien","Lebende Rinder","Dezember","Tausend Köpfe (Tiere)","1.988,90",""
"2011","Slowenien","Lebende Rinder","Dezember","Tausend Köpfe (Tiere)","462,30",""
"2011","Slowakei","Lebende Rinder","Dezember","Tausend Köpfe (Tiere)","463,36",""
"2011","Finnland","Lebende Rinder","Dezember","Tausend Köpfe (Tiere)","902,68",""
"2011","Schweden","Lebende Rinder","Dezember","Tausend Köpfe (Tiere)","1.449,73",""
"2011","Vereinigtes Königreich","Lebende Rinder","Dezember","Tausend Köpfe (Tiere)","9.675,00",""
"2011","Island","Lebende Rinder","Dezember","Tausend Köpfe (Tiere)","73,60",""
"2011","Schweiz","Lebende Rinder","Dezember","Tausend Köpfe (Tiere)",":",""
"2011","Montenegro","Lebende Rinder","Dezember","Tausend Köpfe (Tiere)",":",""
"2011","Nordmazedonien","Lebende Rinder","Dezember","Tausend Köpfe (Tiere)",":",""
"2011","Albanien","Lebende Rinder","Dezember","Tausend Köpfe (Tiere)",":",""
"2011","Serbien","Lebende Rinder","Dezember","Tausend Köpfe (Tiere)","937,00",""
"2011","Türkei","Lebende Rinder","Dezember","Tausend Köpfe (Tiere)",":",""
"2011","Bosnien und Herzegowina","Lebende Rinder","Dezember","Tausend Köpfe (Tiere)","455,00","e"
"2011","Kosovo (gemäß der Resolution 1244/99 des Sicherheitsrates der Vereinten Nationen)","Lebende Rinder","Dezember","Tausend Köpfe (Tiere)",":",""
"2012","Europäische Union - 28 Länder","Lebende Rinder","Dezember","Tausend Köpfe (Tiere)","87.296,95",""
"2012","Europäische Union - 27 Länder (2007-2013)","Lebende Rinder","Dezember","Tausend Köpfe (Tiere)","86.844,95",""
"2012","Europäische Union - 25 Länder (2004-2006)","Lebende Rinder","Dezember","Tausend Köpfe (Tiere)","84.300,52",""
"2012","Europäische Union - 15 Länder (1995-2004)","Lebende Rinder","Dezember","Tausend Köpfe (Tiere)","74.327,16",""
"2012","Belgien","Lebende Rinder","Dezember","Tausend Köpfe (Tiere)","2.438,18",""
"2012","Bulgarien","Lebende Rinder","Dezember","Tausend Köpfe (Tiere)","535,32",""
"2012","Tschechien","Lebende Rinder","Dezember","Tausend Köpfe (Tiere)","1.321,06",""
"2012","Dänemark","Lebende Rinder","Dezember","Tausend Köpfe (Tiere)","1.607,00",""
"2012","Deutschland (bis 1990 früheres Gebiet der BRD)","Lebende Rinder","Dezember","Tausend Köpfe (Tiere)","12.506,77",""
"2012","Estland","Lebende Rinder","Dezember","Tausend Köpfe (Tiere)","246,00",""
"2012","Irland","Lebende Rinder","Dezember","Tausend Köpfe (Tiere)","6.253,24",""
"2012","Griechenland","Lebende Rinder","Dezember","Tausend Köpfe (Tiere)","685,00",""
"2012","Spanien","Lebende Rinder","Dezember","Tausend Köpfe (Tiere)","5.812,61",""
"2012","Frankreich","Lebende Rinder","Dezember","Tausend Köpfe (Tiere)","19.052,00",""
"2012","Kroatien","Lebende Rinder","Dezember","Tausend Köpfe (Tiere)","452,00",""
"2012","Italien","Lebende Rinder","Dezember","Tausend Köpfe (Tiere)","6.251,93",""
"2012","Zypern","Lebende Rinder","Dezember","Tausend Köpfe (Tiere)","56,92",""
"2012","Lettland","Lebende Rinder","Dezember","Tausend Köpfe (Tiere)","393,10",""
"2012","Litauen","Lebende Rinder","Dezember","Tausend Köpfe (Tiere)","729,20",""
"2012","Luxemburg","Lebende Rinder","Dezember","Tausend Köpfe (Tiere)","188,30",""
"2012","Ungarn","Lebende Rinder","Dezember","Tausend Köpfe (Tiere)","760,00",""
"2012","Malta","Lebende Rinder","Dezember","Tausend Köpfe (Tiere)","15,59",""
"2012","Niederlande","Lebende Rinder","Dezember","Tausend Köpfe (Tiere)","3.985,00",""
"2012","Österreich","Lebende Rinder","Dezember","Tausend Köpfe (Tiere)","1.955,62",""
"2012","Polen","Lebende Rinder","Dezember","Tausend Köpfe (Tiere)","5.520,35",""
"2012","Portugal","Lebende Rinder","Dezember","Tausend Köpfe (Tiere)","1.497,55",""
"2012","Rumänien","Lebende Rinder","Dezember","Tausend Köpfe (Tiere)","2.009,10",""
"2012","Slowenien","Lebende Rinder","Dezember","Tausend Köpfe (Tiere)","460,06",""
"2012","Slowakei","Lebende Rinder","Dezember","Tausend Köpfe (Tiere)","471,08",""
"2012","Finnland","Lebende Rinder","Dezember","Tausend Köpfe (Tiere)","901,39",""
"2012","Schweden","Lebende Rinder","Dezember","Tausend Köpfe (Tiere)","1.443,58",""
"2012","Vereinigtes Königreich","Lebende Rinder","Dezember","Tausend Köpfe (Tiere)","9.749,00",""
"2012","Island","Lebende Rinder","Dezember","Tausend Köpfe (Tiere)","72,80",""
"2012","Schweiz","Lebende Rinder","Dezember","Tausend Köpfe (Tiere)",":",""
"2012","Montenegro","Lebende Rinder","Dezember","Tausend Köpfe (Tiere)","85,00",""
"2012","Nordmazedonien","Lebende Rinder","Dezember","Tausend Köpfe (Tiere)","251,00",""
"2012","Albanien","Lebende Rinder","Dezember","Tausend Köpfe (Tiere)",":",""
"2012","Serbien","Lebende Rinder","Dezember","Tausend Köpfe (Tiere)","921,00","e"
"2012","Türkei","Lebende Rinder","Dezember","Tausend Köpfe (Tiere)","14.022,35",""
"2012","Bosnien und Herzegowina","Lebende Rinder","Dezember","Tausend Köpfe (Tiere)","446,00","e"
"2012","Kosovo (gemäß der Resolution 1244/99 des Sicherheitsrates der Vereinten Nationen)","Lebende Rinder","Dezember","Tausend Köpfe (Tiere)",":",""
"2013","Europäische Union - 28 Länder","Lebende Rinder","Dezember","Tausend Köpfe (Tiere)","87.734,43",""
"2013","Europäische Union - 27 Länder (2007-2013)","Lebende Rinder","Dezember","Tausend Köpfe (Tiere)","87.292,43",""
"2013","Europäische Union - 25 Länder (2004-2006)","Lebende Rinder","Dezember","Tausend Köpfe (Tiere)","84.684,48",""
"2013","Europäische Union - 15 Länder (1995-2004)","Lebende Rinder","Dezember","Tausend Köpfe (Tiere)","74.598,78",""
"2013","Belgien","Lebende Rinder","Dezember","Tausend Köpfe (Tiere)","2.441,32",""
"2013","Bulgarien","Lebende Rinder","Dezember","Tausend Köpfe (Tiere)","585,55",""
"2013","Tschechien","Lebende Rinder","Dezember","Tausend Köpfe (Tiere)","1.332,08",""
"2013","Dänemark","Lebende Rinder","Dezember","Tausend Köpfe (Tiere)","1.583,00",""
"2013","Deutschland (bis 1990 früheres Gebiet der BRD)","Lebende Rinder","Dezember","Tausend Köpfe (Tiere)","12.685,99",""
"2013","Estland","Lebende Rinder","Dezember","Tausend Köpfe (Tiere)","261,40",""
"2013","Irland","Lebende Rinder","Dezember","Tausend Köpfe (Tiere)","6.309,05",""
"2013","Griechenland","Lebende Rinder","Dezember","Tausend Köpfe (Tiere)","653,00",""
"2013","Spanien","Lebende Rinder","Dezember","Tausend Köpfe (Tiere)","5.802,22",""
"2013","Frankreich","Lebende Rinder","Dezember","Tausend Köpfe (Tiere)","19.129,00",""
"2013","Kroatien","Lebende Rinder","Dezember","Tausend Köpfe (Tiere)","442,00",""
"2013","Italien","Lebende Rinder","Dezember","Tausend Köpfe (Tiere)","6.249,29",""
"2013","Zypern","Lebende Rinder","Dezember","Tausend Köpfe (Tiere)","57,08",""
"2013","Lettland","Lebende Rinder","Dezember","Tausend Köpfe (Tiere)","406,49",""
"2013","Litauen","Lebende Rinder","Dezember","Tausend Köpfe (Tiere)","713,50",""
"2013","Luxemburg","Lebende Rinder","Dezember","Tausend Köpfe (Tiere)","198,24",""
"2013","Ungarn","Lebende Rinder","Dezember","Tausend Köpfe (Tiere)","782,00",""
"2013","Malta","Lebende Rinder","Dezember","Tausend Köpfe (Tiere)","15,22",""
"2013","Niederlande","Lebende Rinder","Dezember","Tausend Köpfe (Tiere)","4.090,00",""
"2013","Österreich","Lebende Rinder","Dezember","Tausend Köpfe (Tiere)","1.958,28",""
"2013","Polen","Lebende Rinder","Dezember","Tausend Köpfe (Tiere)","5.589,54",""
"2013","Portugal","Lebende Rinder","Dezember","Tausend Köpfe (Tiere)","1.470,50",""
"2013","Rumänien","Lebende Rinder","Dezember","Tausend Köpfe (Tiere)","2.022,40",""
"2013","Slowenien","Lebende Rinder","Dezember","Tausend Köpfe (Tiere)","460,58",""
"2013","Slowakei","Lebende Rinder","Dezember","Tausend Köpfe (Tiere)","467,82",""
"2013","Finnland","Lebende Rinder","Dezember","Tausend Köpfe (Tiere)","903,36",""
"2013","Schweden","Lebende Rinder","Dezember","Tausend Köpfe (Tiere)","1.443,52",""
"2013","Vereinigtes Königreich","Lebende Rinder","Dezember","Tausend Köpfe (Tiere)","9.682,00",""
"2013","Island","Lebende Rinder","Dezember","Tausend Köpfe (Tiere)","73,20",""
"2013","Schweiz","Lebende Rinder","Dezember","Tausend Köpfe (Tiere)",":",""
"2013","Montenegro","Lebende Rinder","Dezember","Tausend Köpfe (Tiere)","89,00",""
"2013","Nordmazedonien","Lebende Rinder","Dezember","Tausend Köpfe (Tiere)","238,00",""
"2013","Albanien","Lebende Rinder","Dezember","Tausend Köpfe (Tiere)",":",""
"2013","Serbien","Lebende Rinder","Dezember","Tausend Köpfe (Tiere)","913,00",""
"2013","Türkei","Lebende Rinder","Dezember","Tausend Köpfe (Tiere)","14.532,85",""
"2013","Bosnien und Herzegowina","Lebende Rinder","Dezember","Tausend Köpfe (Tiere)","447,00","e"
"2013","Kosovo (gemäß der Resolution 1244/99 des Sicherheitsrates der Vereinten Nationen)","Lebende Rinder","Dezember","Tausend Köpfe (Tiere)",":",""
"2014","Europäische Union - 28 Länder","Lebende Rinder","Dezember","Tausend Köpfe (Tiere)","88.405,62",""
"2014","Europäische Union - 27 Länder (2007-2013)","Lebende Rinder","Dezember","Tausend Köpfe (Tiere)","87.964,62",""
"2014","Europäische Union - 25 Länder (2004-2006)","Lebende Rinder","Dezember","Tausend Köpfe (Tiere)","85.333,35",""
"2014","Europäische Union - 15 Länder (1995-2004)","Lebende Rinder","Dezember","Tausend Köpfe (Tiere)","75.066,48",""
"2014","Belgien","Lebende Rinder","Dezember","Tausend Köpfe (Tiere)","2.477,24",""
"2014","Bulgarien","Lebende Rinder","Dezember","Tausend Köpfe (Tiere)","562,36",""
"2014","Tschechien","Lebende Rinder","Dezember","Tausend Köpfe (Tiere)","1.373,07",""
"2014","Dänemark","Lebende Rinder","Dezember","Tausend Köpfe (Tiere)","1.553,00",""
"2014","Deutschland (bis 1990 früheres Gebiet der BRD)","Lebende Rinder","Dezember","Tausend Köpfe (Tiere)","12.742,19",""
"2014","Estland","Lebende Rinder","Dezember","Tausend Köpfe (Tiere)","264,70",""
"2014","Irland","Lebende Rinder","Dezember","Tausend Köpfe (Tiere)","6.243,05",""
"2014","Griechenland","Lebende Rinder","Dezember","Tausend Köpfe (Tiere)","659,00",""
"2014","Spanien","Lebende Rinder","Dezember","Tausend Köpfe (Tiere)","6.078,73",""
"2014","Frankreich","Lebende Rinder","Dezember","Tausend Köpfe (Tiere)","19.271,00",""
"2014","Kroatien","Lebende Rinder","Dezember","Tausend Köpfe (Tiere)","441,00",""
"2014","Italien","Lebende Rinder","Dezember","Tausend Köpfe (Tiere)","6.125,42",""
"2014","Zypern","Lebende Rinder","Dezember","Tausend Köpfe (Tiere)","59,54",""
"2014","Lettland","Lebende Rinder","Dezember","Tausend Köpfe (Tiere)","422,02",""
"2014","Litauen","Lebende Rinder","Dezember","Tausend Köpfe (Tiere)","736,60",""
"2014","Luxemburg","Lebende Rinder","Dezember","Tausend Köpfe (Tiere)","201,15",""
"2014","Ungarn","Lebende Rinder","Dezember","Tausend Köpfe (Tiere)","802,00",""
"2014","Malta","Lebende Rinder","Dezember","Tausend Köpfe (Tiere)","14,88",""
"2014","Niederlande","Lebende Rinder","Dezember","Tausend Köpfe (Tiere)","4.169,00",""
"2014","Österreich","Lebende Rinder","Dezember","Tausend Köpfe (Tiere)","1.961,20",""
"2014","Polen","Lebende Rinder","Dezember","Tausend Köpfe (Tiere)","5.660,27",""
"2014","Portugal","Lebende Rinder","Dezember","Tausend Köpfe (Tiere)","1.548,61",""
"2014","Rumänien","Lebende Rinder","Dezember","Tausend Köpfe (Tiere)","2.068,90",""
"2014","Slowenien","Lebende Rinder","Dezember","Tausend Köpfe (Tiere)","468,25",""
"2014","Slowakei","Lebende Rinder","Dezember","Tausend Köpfe (Tiere)","465,54",""
"2014","Finnland","Lebende Rinder","Dezember","Tausend Köpfe (Tiere)","907,40",""
"2014","Schweden","Lebende Rinder","Dezember","Tausend Köpfe (Tiere)","1.436,49",""
"2014","Vereinigtes Königreich","Lebende Rinder","Dezember","Tausend Köpfe (Tiere)","9.693,00",""
"2014","Island","Lebende Rinder","Dezember","Tausend Köpfe (Tiere)","73,70",""
"2014","Schweiz","Lebende Rinder","Dezember","Tausend Köpfe (Tiere)",":",""
"2014","Montenegro","Lebende Rinder","Dezember","Tausend Köpfe (Tiere)","94,00",""
"2014","Nordmazedonien","Lebende Rinder","Dezember","Tausend Köpfe (Tiere)","242,00",""
"2014","Albanien","Lebende Rinder","Dezember","Tausend Köpfe (Tiere)","499,69",""
"2014","Serbien","Lebende Rinder","Dezember","Tausend Köpfe (Tiere)","920,00",""
"2014","Türkei","Lebende Rinder","Dezember","Tausend Köpfe (Tiere)","14.244,67",""
"2014","Bosnien und Herzegowina","Lebende Rinder","Dezember","Tausend Köpfe (Tiere)","444,00","e"
"2014","Kosovo (gemäß der Resolution 1244/99 des Sicherheitsrates der Vereinten Nationen)","Lebende Rinder","Dezember","Tausend Köpfe (Tiere)","261,69",""
"2015","Europäische Union - 28 Länder","Lebende Rinder","Dezember","Tausend Köpfe (Tiere)","89.138,27",""
"2015","Europäische Union - 27 Länder (2007-2013)","Lebende Rinder","Dezember","Tausend Köpfe (Tiere)","88.697,27",""
"2015","Europäische Union - 25 Länder (2004-2006)","Lebende Rinder","Dezember","Tausend Köpfe (Tiere)","86.043,82",""
"2015","Europäische Union - 15 Länder (1995-2004)","Lebende Rinder","Dezember","Tausend Köpfe (Tiere)","75.680,58",""
"2015","Belgien","Lebende Rinder","Dezember","Tausend Köpfe (Tiere)","2.503,26",""
"2015","Bulgarien","Lebende Rinder","Dezember","Tausend Köpfe (Tiere)","561,04",""
"2015","Tschechien","Lebende Rinder","Dezember","Tausend Köpfe (Tiere)","1.366,33",""
"2015","Dänemark","Lebende Rinder","Dezember","Tausend Köpfe (Tiere)","1.566,00",""
"2015","Deutschland (bis 1990 früheres Gebiet der BRD)","Lebende Rinder","Dezember","Tausend Köpfe (Tiere)","12.635,46",""
"2015","Estland","Lebende Rinder","Dezember","Tausend Köpfe (Tiere)","256,20",""
"2015","Irland","Lebende Rinder","Dezember","Tausend Köpfe (Tiere)","6.422,23",""
"2015","Griechenland","Lebende Rinder","Dezember","Tausend Köpfe (Tiere)","582,00",""
"2015","Spanien","Lebende Rinder","Dezember","Tausend Köpfe (Tiere)","6.182,91",""
"2015","Frankreich","Lebende Rinder","Dezember","Tausend Köpfe (Tiere)","19.406,00",""
"2015","Kroatien","Lebende Rinder","Dezember","Tausend Köpfe (Tiere)","441,00",""
"2015","Italien","Lebende Rinder","Dezember","Tausend Köpfe (Tiere)","6.155,81",""
"2015","Zypern","Lebende Rinder","Dezember","Tausend Köpfe (Tiere)","58,86",""
"2015","Lettland","Lebende Rinder","Dezember","Tausend Köpfe (Tiere)","419,08",""
"2015","Litauen","Lebende Rinder","Dezember","Tausend Köpfe (Tiere)","722,60",""
"2015","Luxemburg","Lebende Rinder","Dezember","Tausend Köpfe (Tiere)","200,64",""
"2015","Ungarn","Lebende Rinder","Dezember","Tausend Köpfe (Tiere)","821,00",""
"2015","Malta","Lebende Rinder","Dezember","Tausend Köpfe (Tiere)","15,02",""
"2015","Niederlande","Lebende Rinder","Dezember","Tausend Köpfe (Tiere)","4.315,00",""
"2015","Österreich","Lebende Rinder","Dezember","Tausend Köpfe (Tiere)","1.957,61",""
"2015","Polen","Lebende Rinder","Dezember","Tausend Köpfe (Tiere)","5.762,50",""
"2015","Portugal","Lebende Rinder","Dezember","Tausend Köpfe (Tiere)","1.605,86",""
"2015","Rumänien","Lebende Rinder","Dezember","Tausend Köpfe (Tiere)","2.092,40",""
"2015","Slowenien","Lebende Rinder","Dezember","Tausend Köpfe (Tiere)","484,19",""
"2015","Slowakei","Lebende Rinder","Dezember","Tausend Köpfe (Tiere)","457,46",""
"2015","Finnland","Lebende Rinder","Dezember","Tausend Köpfe (Tiere)","903,41",""
"2015","Schweden","Lebende Rinder","Dezember","Tausend Köpfe (Tiere)","1.428,40",""
"2015","Vereinigtes Königreich","Lebende Rinder","Dezember","Tausend Köpfe (Tiere)","9.816,00",""
"2015","Island","Lebende Rinder","Dezember","Tausend Köpfe (Tiere)","75,90",""
"2015","Schweiz","Lebende Rinder","Dezember","Tausend Köpfe (Tiere)","1.567,14",""
"2015","Montenegro","Lebende Rinder","Dezember","Tausend Köpfe (Tiere)","92,00",""
"2015","Nordmazedonien","Lebende Rinder","Dezember","Tausend Köpfe (Tiere)","253,00",""
"2015","Albanien","Lebende Rinder","Dezember","Tausend Köpfe (Tiere)","505,77","e"
"2015","Serbien","Lebende Rinder","Dezember","Tausend Köpfe (Tiere)","916,00",""
"2015","Türkei","Lebende Rinder","Dezember","Tausend Köpfe (Tiere)","14.127,84",""
"2015","Bosnien und Herzegowina","Lebende Rinder","Dezember","Tausend Köpfe (Tiere)","455,00","e"
"2015","Kosovo (gemäß der Resolution 1244/99 des Sicherheitsrates der Vereinten Nationen)","Lebende Rinder","Dezember","Tausend Köpfe (Tiere)","258,50",""
"2016","Europäische Union - 28 Länder","Lebende Rinder","Dezember","Tausend Köpfe (Tiere)","89.134,16",""
"2016","Europäische Union - 27 Länder (2007-2013)","Lebende Rinder","Dezember","Tausend Köpfe (Tiere)","88.690,16",""
"2016","Europäische Union - 25 Länder (2004-2006)","Lebende Rinder","Dezember","Tausend Köpfe (Tiere)","86.070,32",""
"2016","Europäische Union - 15 Länder (1995-2004)","Lebende Rinder","Dezember","Tausend Köpfe (Tiere)","75.541,01",""
"2016","Belgien","Lebende Rinder","Dezember","Tausend Köpfe (Tiere)","2.501,35",""
"2016","Bulgarien","Lebende Rinder","Dezember","Tausend Köpfe (Tiere)","570,14",""
"2016","Tschechien","Lebende Rinder","Dezember","Tausend Köpfe (Tiere)","1.339,60",""
"2016","Dänemark","Lebende Rinder","Dezember","Tausend Köpfe (Tiere)","1.554,00",""
"2016","Deutschland (bis 1990 früheres Gebiet der BRD)","Lebende Rinder","Dezember","Tausend Köpfe (Tiere)","12.466,59",""
"2016","Estland","Lebende Rinder","Dezember","Tausend Köpfe (Tiere)","248,20",""
"2016","Irland","Lebende Rinder","Dezember","Tausend Köpfe (Tiere)","6.613,43",""
"2016","Griechenland","Lebende Rinder","Dezember","Tausend Köpfe (Tiere)","554,00",""
"2016","Spanien","Lebende Rinder","Dezember","Tausend Köpfe (Tiere)","6.317,64",""
"2016","Frankreich","Lebende Rinder","Dezember","Tausend Köpfe (Tiere)","19.004,00","b"
"2016","Kroatien","Lebende Rinder","Dezember","Tausend Köpfe (Tiere)","444,00",""
"2016","Italien","Lebende Rinder","Dezember","Tausend Köpfe (Tiere)","6.314,89",""
"2016","Zypern","Lebende Rinder","Dezember","Tausend Köpfe (Tiere)","63,14",""
"2016","Lettland","Lebende Rinder","Dezember","Tausend Köpfe (Tiere)","412,31",""
"2016","Litauen","Lebende Rinder","Dezember","Tausend Köpfe (Tiere)","694,80",""
"2016","Luxemburg","Lebende Rinder","Dezember","Tausend Köpfe (Tiere)","202,41",""
"2016","Ungarn","Lebende Rinder","Dezember","Tausend Köpfe (Tiere)","852,00",""
"2016","Malta","Lebende Rinder","Dezember","Tausend Köpfe (Tiere)","14,36",""
"2016","Niederlande","Lebende Rinder","Dezember","Tausend Köpfe (Tiere)","4.294,00",""
"2016","Österreich","Lebende Rinder","Dezember","Tausend Köpfe (Tiere)","1.954,39",""
"2016","Polen","Lebende Rinder","Dezember","Tausend Köpfe (Tiere)","5.970,20",""
"2016","Portugal","Lebende Rinder","Dezember","Tausend Köpfe (Tiere)","1.635,01",""
"2016","Rumänien","Lebende Rinder","Dezember","Tausend Köpfe (Tiere)","2.049,70",""
"2016","Slowenien","Lebende Rinder","Dezember","Tausend Köpfe (Tiere)","488,60",""
"2016","Slowakei","Lebende Rinder","Dezember","Tausend Köpfe (Tiere)","446,11",""
"2016","Finnland","Lebende Rinder","Dezember","Tausend Köpfe (Tiere)","887,25",""
"2016","Schweden","Lebende Rinder","Dezember","Tausend Köpfe (Tiere)","1.436,05",""
"2016","Vereinigtes Königreich","Lebende Rinder","Dezember","Tausend Köpfe (Tiere)","9.806,00",""
"2016","Island","Lebende Rinder","Dezember","Tausend Köpfe (Tiere)","79,90",""
"2016","Schweiz","Lebende Rinder","Dezember","Tausend Köpfe (Tiere)","1.560,09",""
"2016","Montenegro","Lebende Rinder","Dezember","Tausend Köpfe (Tiere)","89,00","p"
"2016","Nordmazedonien","Lebende Rinder","Dezember","Tausend Köpfe (Tiere)","255,00",""
"2016","Albanien","Lebende Rinder","Dezember","Tausend Köpfe (Tiere)","496,99","p"
"2016","Serbien","Lebende Rinder","Dezember","Tausend Köpfe (Tiere)","893,00",""
"2016","Türkei","Lebende Rinder","Dezember","Tausend Köpfe (Tiere)","14.222,23","p"
"2016","Bosnien und Herzegowina","Lebende Rinder","Dezember","Tausend Köpfe (Tiere)","455,00","e"
"2016","Kosovo (gemäß der Resolution 1244/99 des Sicherheitsrates der Vereinten Nationen)","Lebende Rinder","Dezember","Tausend Köpfe (Tiere)","264,97",""
"2017","Europäische Union - 28 Länder","Lebende Rinder","Dezember","Tausend Köpfe (Tiere)","88.818,84",""
"2017","Europäische Union - 27 Länder (2007-2013)","Lebende Rinder","Dezember","Tausend Köpfe (Tiere)","88.367,84",""
"2017","Europäische Union - 25 Länder (2004-2006)","Lebende Rinder","Dezember","Tausend Köpfe (Tiere)","85.803,82",""
"2017","Europäische Union - 15 Länder (1995-2004)","Lebende Rinder","Dezember","Tausend Köpfe (Tiere)","75.197,48",""
"2017","Belgien","Lebende Rinder","Dezember","Tausend Köpfe (Tiere)","2.385,99",""
"2017","Bulgarien","Lebende Rinder","Dezember","Tausend Köpfe (Tiere)","552,92","p"
"2017","Tschechien","Lebende Rinder","Dezember","Tausend Köpfe (Tiere)","1.366,36",""
"2017","Dänemark","Lebende Rinder","Dezember","Tausend Köpfe (Tiere)","1.558,00",""
"2017","Deutschland (bis 1990 früheres Gebiet der BRD)","Lebende Rinder","Dezember","Tausend Köpfe (Tiere)","12.281,20",""
"2017","Estland","Lebende Rinder","Dezember","Tausend Köpfe (Tiere)","250,90",""
"2017","Irland","Lebende Rinder","Dezember","Tausend Köpfe (Tiere)","6.673,59",""
"2017","Griechenland","Lebende Rinder","Dezember","Tausend Köpfe (Tiere)","556,00",""
"2017","Spanien","Lebende Rinder","Dezember","Tausend Köpfe (Tiere)","6.465,75",""
"2017","Frankreich","Lebende Rinder","Dezember","Tausend Köpfe (Tiere)","18.975,48",""
"2017","Kroatien","Lebende Rinder","Dezember","Tausend Köpfe (Tiere)","451,00",""
"2017","Italien","Lebende Rinder","Dezember","Tausend Köpfe (Tiere)","6.349,81",""
"2017","Zypern","Lebende Rinder","Dezember","Tausend Köpfe (Tiere)","67,03",""
"2017","Lettland","Lebende Rinder","Dezember","Tausend Köpfe (Tiere)","405,82",""
"2017","Litauen","Lebende Rinder","Dezember","Tausend Köpfe (Tiere)","676,90",""
"2017","Luxemburg","Lebende Rinder","Dezember","Tausend Köpfe (Tiere)","198,07",""
"2017","Ungarn","Lebende Rinder","Dezember","Tausend Köpfe (Tiere)","870,00",""
"2017","Malta","Lebende Rinder","Dezember","Tausend Köpfe (Tiere)","14,18",""
"2017","Niederlande","Lebende Rinder","Dezember","Tausend Köpfe (Tiere)","4.030,00",""
"2017","Österreich","Lebende Rinder","Dezember","Tausend Köpfe (Tiere)","1.943,48",""
"2017","Polen","Lebende Rinder","Dezember","Tausend Köpfe (Tiere)","6.035,70",""
"2017","Portugal","Lebende Rinder","Dezember","Tausend Köpfe (Tiere)","1.670,02",""
"2017","Rumänien","Lebende Rinder","Dezember","Tausend Köpfe (Tiere)","2.011,10",""
"2017","Slowenien","Lebende Rinder","Dezember","Tausend Köpfe (Tiere)","479,61",""
"2017","Slowakei","Lebende Rinder","Dezember","Tausend Köpfe (Tiere)","439,83",""
"2017","Finnland","Lebende Rinder","Dezember","Tausend Köpfe (Tiere)","874,52",""
"2017","Schweden","Lebende Rinder","Dezember","Tausend Köpfe (Tiere)","1.448,59",""
"2017","Vereinigtes Königreich","Lebende Rinder","Dezember","Tausend Köpfe (Tiere)","9.787,00",""
"2017","Island","Lebende Rinder","Dezember","Tausend Köpfe (Tiere)","80,90",""
"2017","Schweiz","Lebende Rinder","Dezember","Tausend Köpfe (Tiere)","1.560,73",""
"2017","Montenegro","Lebende Rinder","Dezember","Tausend Köpfe (Tiere)","87,00","p"
"2017","Nordmazedonien","Lebende Rinder","Dezember","Tausend Köpfe (Tiere)","255,00",""
"2017","Albanien","Lebende Rinder","Dezember","Tausend Köpfe (Tiere)","475,22",""
"2017","Serbien","Lebende Rinder","Dezember","Tausend Köpfe (Tiere)","899,00",""
"2017","Türkei","Lebende Rinder","Dezember","Tausend Köpfe (Tiere)","16.105,03","p"
"2017","Bosnien und Herzegowina","Lebende Rinder","Dezember","Tausend Köpfe (Tiere)","445,00","e"
"2017","Kosovo (gemäß der Resolution 1244/99 des Sicherheitsrates der Vereinten Nationen)","Lebende Rinder","Dezember","Tausend Köpfe (Tiere)","259,73",""
"2018","Europäische Union - 28 Länder","Lebende Rinder","Dezember","Tausend Köpfe (Tiere)","87.400,29",""
"2018","Europäische Union - 27 Länder (2007-2013)","Lebende Rinder","Dezember","Tausend Köpfe (Tiere)","86.986,29",""
"2018","Europäische Union - 25 Länder (2004-2006)","Lebende Rinder","Dezember","Tausend Köpfe (Tiere)","84.466,98",""
"2018","Europäische Union - 15 Länder (1995-2004)","Lebende Rinder","Dezember","Tausend Köpfe (Tiere)","73.732,10",""
"2018","Belgien","Lebende Rinder","Dezember","Tausend Köpfe (Tiere)","2.398,09",""
"2018","Bulgarien","Lebende Rinder","Dezember","Tausend Köpfe (Tiere)","542,12",""
"2018","Tschechien","Lebende Rinder","Dezember","Tausend Köpfe (Tiere)","1.365,24",""
"2018","Dänemark","Lebende Rinder","Dezember","Tausend Köpfe (Tiere)","1.530,00",""
"2018","Deutschland (bis 1990 früheres Gebiet der BRD)","Lebende Rinder","Dezember","Tausend Köpfe (Tiere)","11.949,09",""
"2018","Estland","Lebende Rinder","Dezember","Tausend Köpfe (Tiere)","251,90",""
"2018","Irland","Lebende Rinder","Dezember","Tausend Köpfe (Tiere)","6.593,49",""
"2018","Griechenland","Lebende Rinder","Dezember","Tausend Köpfe (Tiere)","542,00",""
"2018","Spanien","Lebende Rinder","Dezember","Tausend Köpfe (Tiere)","6.510,59","p"
"2018","Frankreich","Lebende Rinder","Dezember","Tausend Köpfe (Tiere)","18.563,23","p"
"2018","Kroatien","Lebende Rinder","Dezember","Tausend Köpfe (Tiere)","414,00","b"
"2018","Italien","Lebende Rinder","Dezember","Tausend Köpfe (Tiere)","6.311,16",""
"2018","Zypern","Lebende Rinder","Dezember","Tausend Köpfe (Tiere)","70,82",""
"2018","Lettland","Lebende Rinder","Dezember","Tausend Köpfe (Tiere)","395,33",""
"2018","Litauen","Lebende Rinder","Dezember","Tausend Köpfe (Tiere)","653,50",""
"2018","Luxemburg","Lebende Rinder","Dezember","Tausend Köpfe (Tiere)","194,39",""
"2018","Ungarn","Lebende Rinder","Dezember","Tausend Köpfe (Tiere)","885,00",""
"2018","Malta","Lebende Rinder","Dezember","Tausend Köpfe (Tiere)","14,12",""
"2018","Niederlande","Lebende Rinder","Dezember","Tausend Köpfe (Tiere)","3.690,00",""
"2018","Österreich","Lebende Rinder","Dezember","Tausend Köpfe (Tiere)","1.912,81",""
"2018","Polen","Lebende Rinder","Dezember","Tausend Köpfe (Tiere)","6.183,30",""
"2018","Portugal","Lebende Rinder","Dezember","Tausend Köpfe (Tiere)","1.632,42",""
"2018","Rumänien","Lebende Rinder","Dezember","Tausend Köpfe (Tiere)","1.977,20",""
"2018","Slowenien","Lebende Rinder","Dezember","Tausend Köpfe (Tiere)","476,81",""
"2018","Slowakei","Lebende Rinder","Dezember","Tausend Köpfe (Tiere)","438,86",""
"2018","Finnland","Lebende Rinder","Dezember","Tausend Köpfe (Tiere)","859,38",""
"2018","Schweden","Lebende Rinder","Dezember","Tausend Köpfe (Tiere)","1.435,45",""
"2018","Vereinigtes Königreich","Lebende Rinder","Dezember","Tausend Köpfe (Tiere)","9.610,00",""
"2018","Island","Lebende Rinder","Dezember","Tausend Köpfe (Tiere)","81,40",""
"2018","Schweiz","Lebende Rinder","Dezember","Tausend Köpfe (Tiere)","1.540,24",""
"2018","Montenegro","Lebende Rinder","Dezember","Tausend Köpfe (Tiere)","83,30","p"
"2018","Nordmazedonien","Lebende Rinder","Dezember","Tausend Köpfe (Tiere)","256,00",""
"2018","Albanien","Lebende Rinder","Dezember","Tausend Köpfe (Tiere)","467,32",""
"2018","Serbien","Lebende Rinder","Dezember","Tausend Köpfe (Tiere)","878,00",""
"2018","Türkei","Lebende Rinder","Dezember","Tausend Köpfe (Tiere)","17.220,90","p"
"2018","Bosnien und Herzegowina","Lebende Rinder","Dezember","Tausend Köpfe (Tiere)","438,00",""
"2018","Kosovo (gemäß der Resolution 1244/99 des Sicherheitsrates der Vereinten Nationen)","Lebende Rinder","Dezember","Tausend Köpfe (Tiere)","258,66",""
"2019","Europäische Union - 28 Länder","Lebende Rinder","Dezember","Tausend Köpfe (Tiere)",":",""
"2019","Europäische Union - 27 Länder (2007-2013)","Lebende Rinder","Dezember","Tausend Köpfe (Tiere)",":",""
"2019","Europäische Union - 25 Länder (2004-2006)","Lebende Rinder","Dezember","Tausend Köpfe (Tiere)",":",""
"2019","Europäische Union - 15 Länder (1995-2004)","Lebende Rinder","Dezember","Tausend Köpfe (Tiere)",":",""
"2019","Belgien","Lebende Rinder","Dezember","Tausend Köpfe (Tiere)",":",""
"2019","Bulgarien","Lebende Rinder","Dezember","Tausend Köpfe (Tiere)",":",""
"2019","Tschechien","Lebende Rinder","Dezember","Tausend Köpfe (Tiere)",":",""
"2019","Dänemark","Lebende Rinder","Dezember","Tausend Köpfe (Tiere)",":",""
"2019","Deutschland (bis 1990 früheres Gebiet der BRD)","Lebende Rinder","Dezember","Tausend Köpfe (Tiere)",":",""
"2019","Estland","Lebende Rinder","Dezember","Tausend Köpfe (Tiere)",":",""
"2019","Irland","Lebende Rinder","Dezember","Tausend Köpfe (Tiere)",":",""
"2019","Griechenland","Lebende Rinder","Dezember","Tausend Köpfe (Tiere)",":",""
"2019","Spanien","Lebende Rinder","Dezember","Tausend Köpfe (Tiere)",":",""
"2019","Frankreich","Lebende Rinder","Dezember","Tausend Köpfe (Tiere)",":",""
"2019","Kroatien","Lebende Rinder","Dezember","Tausend Köpfe (Tiere)",":",""
"2019","Italien","Lebende Rinder","Dezember","Tausend Köpfe (Tiere)",":",""
"2019","Zypern","Lebende Rinder","Dezember","Tausend Köpfe (Tiere)",":",""
"2019","Lettland","Lebende Rinder","Dezember","Tausend Köpfe (Tiere)",":",""
"2019","Litauen","Lebende Rinder","Dezember","Tausend Köpfe (Tiere)",":",""
"2019","Luxemburg","Lebende Rinder","Dezember","Tausend Köpfe (Tiere)",":",""
"2019","Ungarn","Lebende Rinder","Dezember","Tausend Köpfe (Tiere)",":",""
"2019","Malta","Lebende Rinder","Dezember","Tausend Köpfe (Tiere)",":",""
"2019","Niederlande","Lebende Rinder","Dezember","Tausend Köpfe (Tiere)",":",""
"2019","Österreich","Lebende Rinder","Dezember","Tausend Köpfe (Tiere)",":",""
"2019","Polen","Lebende Rinder","Dezember","Tausend Köpfe (Tiere)",":",""
"2019","Portugal","Lebende Rinder","Dezember","Tausend Köpfe (Tiere)",":",""
"2019","Rumänien","Lebende Rinder","Dezember","Tausend Köpfe (Tiere)",":",""
"2019","Slowenien","Lebende Rinder","Dezember","Tausend Köpfe (Tiere)",":",""
"2019","Slowakei","Lebende Rinder","Dezember","Tausend Köpfe (Tiere)",":",""
"2019","Finnland","Lebende Rinder","Dezember","Tausend Köpfe (Tiere)",":",""
"2019","Schweden","Lebende Rinder","Dezember","Tausend Köpfe (Tiere)",":",""
"2019","Vereinigtes Königreich","Lebende Rinder","Dezember","Tausend Köpfe (Tiere)",":",""
"2019","Island","Lebende Rinder","Dezember","Tausend Köpfe (Tiere)",":",""
"2019","Schweiz","Lebende Rinder","Dezember","Tausend Köpfe (Tiere)",":",""
"2019","Montenegro","Lebende Rinder","Dezember","Tausend Köpfe (Tiere)",":",""
"2019","Nordmazedonien","Lebende Rinder","Dezember","Tausend Köpfe (Tiere)",":",""
"2019","Albanien","Lebende Rinder","Dezember","Tausend Köpfe (Tiere)",":",""
"2019","Serbien","Lebende Rinder","Dezember","Tausend Köpfe (Tiere)",":",""
"2019","Türkei","Lebende Rinder","Dezember","Tausend Köpfe (Tiere)",":",""
"2019","Bosnien und Herzegowina","Lebende Rinder","Dezember","Tausend Köpfe (Tiere)",":",""
"2019","Kosovo (gemäß der Resolution 1244/99 des Sicherheitsrates der Vereinten Nationen)","Lebende Rinder","Dezember","Tausend Köpfe (Tiere)",":",""
