"TIME","GEO","UNIT","NA_ITEM","Value","Flag and Footnotes"
"2009","Europäische Union - 28 Länder","Jeweilige Preise, Euro pro Kopf","Bruttoinlandsprodukt zu Marktpreisen","24.530",""
"2009","Europäische Union - 27 Länder (ab 2019)","Jeweilige Preise, Euro pro Kopf","Bruttoinlandsprodukt zu Marktpreisen","24.050",""
"2009","Europäische Union - 15 Länder (1995-2004)","Jeweilige Preise, Euro pro Kopf","Bruttoinlandsprodukt zu Marktpreisen","28.720",""
"2009","Euroraum (EA11-2000, EA12-2006, EA13-2007, EA15-2008, EA16-2010, EA17-2013, EA18-2014, EA19)","Jeweilige Preise, Euro pro Kopf","Bruttoinlandsprodukt zu Marktpreisen","28.140",""
"2009","Euroraum (19 Länder)","Jeweilige Preise, Euro pro Kopf","Bruttoinlandsprodukt zu Marktpreisen","27.760",""
"2009","Euroraum (12 Länder)","Jeweilige Preise, Euro pro Kopf","Bruttoinlandsprodukt zu Marktpreisen","28.510",""
"2009","Belgien","Jeweilige Preise, Euro pro Kopf","Bruttoinlandsprodukt zu Marktpreisen","32.090",""
"2009","Bulgarien","Jeweilige Preise, Euro pro Kopf","Bruttoinlandsprodukt zu Marktpreisen","4.930",""
"2009","Tschechien","Jeweilige Preise, Euro pro Kopf","Bruttoinlandsprodukt zu Marktpreisen","14.170",""
"2009","Dänemark","Jeweilige Preise, Euro pro Kopf","Bruttoinlandsprodukt zu Marktpreisen","41.880",""
"2009","Deutschland (bis 1990 früheres Gebiet der BRD)","Jeweilige Preise, Euro pro Kopf","Bruttoinlandsprodukt zu Marktpreisen","30.390",""
"2009","Estland","Jeweilige Preise, Euro pro Kopf","Bruttoinlandsprodukt zu Marktpreisen","10.640",""
"2009","Irland","Jeweilige Preise, Euro pro Kopf","Bruttoinlandsprodukt zu Marktpreisen","37.470",""
"2009","Griechenland","Jeweilige Preise, Euro pro Kopf","Bruttoinlandsprodukt zu Marktpreisen","21.390",""
"2009","Spanien","Jeweilige Preise, Euro pro Kopf","Bruttoinlandsprodukt zu Marktpreisen","23.060",""
"2009","Frankreich","Jeweilige Preise, Euro pro Kopf","Bruttoinlandsprodukt zu Marktpreisen","29.930",""
"2009","Kroatien","Jeweilige Preise, Euro pro Kopf","Bruttoinlandsprodukt zu Marktpreisen","10.460",""
"2009","Italien","Jeweilige Preise, Euro pro Kopf","Bruttoinlandsprodukt zu Marktpreisen","26.470",""
"2009","Zypern","Jeweilige Preise, Euro pro Kopf","Bruttoinlandsprodukt zu Marktpreisen","23.110",""
"2009","Lettland","Jeweilige Preise, Euro pro Kopf","Bruttoinlandsprodukt zu Marktpreisen","8.780",""
"2009","Litauen","Jeweilige Preise, Euro pro Kopf","Bruttoinlandsprodukt zu Marktpreisen","8.520",""
"2009","Luxemburg","Jeweilige Preise, Euro pro Kopf","Bruttoinlandsprodukt zu Marktpreisen","74.220",""
"2009","Ungarn","Jeweilige Preise, Euro pro Kopf","Bruttoinlandsprodukt zu Marktpreisen","9.420",""
"2009","Malta","Jeweilige Preise, Euro pro Kopf","Bruttoinlandsprodukt zu Marktpreisen","14.880",""
"2009","Niederlande","Jeweilige Preise, Euro pro Kopf","Bruttoinlandsprodukt zu Marktpreisen","37.800",""
"2009","Österreich","Jeweilige Preise, Euro pro Kopf","Bruttoinlandsprodukt zu Marktpreisen","34.530",""
"2009","Polen","Jeweilige Preise, Euro pro Kopf","Bruttoinlandsprodukt zu Marktpreisen","8.240",""
"2009","Portugal","Jeweilige Preise, Euro pro Kopf","Bruttoinlandsprodukt zu Marktpreisen","16.600",""
"2009","Rumänien","Jeweilige Preise, Euro pro Kopf","Bruttoinlandsprodukt zu Marktpreisen","6.150",""
"2009","Slowenien","Jeweilige Preise, Euro pro Kopf","Bruttoinlandsprodukt zu Marktpreisen","17.760",""
"2009","Slowakei","Jeweilige Preise, Euro pro Kopf","Bruttoinlandsprodukt zu Marktpreisen","11.830",""
"2009","Finnland","Jeweilige Preise, Euro pro Kopf","Bruttoinlandsprodukt zu Marktpreisen","34.040",""
"2009","Schweden","Jeweilige Preise, Euro pro Kopf","Bruttoinlandsprodukt zu Marktpreisen","33.730",""
"2009","Vereinigtes Königreich","Jeweilige Preise, Euro pro Kopf","Bruttoinlandsprodukt zu Marktpreisen","27.900",""
"2009","Island","Jeweilige Preise, Euro pro Kopf","Bruttoinlandsprodukt zu Marktpreisen","29.530",""
"2009","Liechtenstein","Jeweilige Preise, Euro pro Kopf","Bruttoinlandsprodukt zu Marktpreisen",":",""
"2009","Norwegen","Jeweilige Preise, Euro pro Kopf","Bruttoinlandsprodukt zu Marktpreisen","57.620",""
"2009","Schweiz","Jeweilige Preise, Euro pro Kopf","Bruttoinlandsprodukt zu Marktpreisen","50.190",""
"2009","Montenegro","Jeweilige Preise, Euro pro Kopf","Bruttoinlandsprodukt zu Marktpreisen","4.840",""
"2009","Nordmazedonien","Jeweilige Preise, Euro pro Kopf","Bruttoinlandsprodukt zu Marktpreisen","3.300","e"
"2009","Albanien","Jeweilige Preise, Euro pro Kopf","Bruttoinlandsprodukt zu Marktpreisen","2.960",""
"2009","Serbien","Jeweilige Preise, Euro pro Kopf","Bruttoinlandsprodukt zu Marktpreisen","4.440",""
"2009","Türkei","Jeweilige Preise, Euro pro Kopf","Bruttoinlandsprodukt zu Marktpreisen","6.410",""
"2009","Kosovo (gemäß der Resolution 1244/99 des Sicherheitsrates der Vereinten Nationen)","Jeweilige Preise, Euro pro Kopf","Bruttoinlandsprodukt zu Marktpreisen",":",""
"2010","Europäische Union - 28 Länder","Jeweilige Preise, Euro pro Kopf","Bruttoinlandsprodukt zu Marktpreisen","25.500",""
"2010","Europäische Union - 27 Länder (ab 2019)","Jeweilige Preise, Euro pro Kopf","Bruttoinlandsprodukt zu Marktpreisen","24.900",""
"2010","Europäische Union - 15 Länder (1995-2004)","Jeweilige Preise, Euro pro Kopf","Bruttoinlandsprodukt zu Marktpreisen","29.770",""
"2010","Euroraum (EA11-2000, EA12-2006, EA13-2007, EA15-2008, EA16-2010, EA17-2013, EA18-2014, EA19)","Jeweilige Preise, Euro pro Kopf","Bruttoinlandsprodukt zu Marktpreisen","28.850",""
"2010","Euroraum (19 Länder)","Jeweilige Preise, Euro pro Kopf","Bruttoinlandsprodukt zu Marktpreisen","28.470",""
"2010","Euroraum (12 Länder)","Jeweilige Preise, Euro pro Kopf","Bruttoinlandsprodukt zu Marktpreisen","29.230",""
"2010","Belgien","Jeweilige Preise, Euro pro Kopf","Bruttoinlandsprodukt zu Marktpreisen","33.330",""
"2010","Bulgarien","Jeweilige Preise, Euro pro Kopf","Bruttoinlandsprodukt zu Marktpreisen","5.050",""
"2010","Tschechien","Jeweilige Preise, Euro pro Kopf","Bruttoinlandsprodukt zu Marktpreisen","14.900",""
"2010","Dänemark","Jeweilige Preise, Euro pro Kopf","Bruttoinlandsprodukt zu Marktpreisen","43.840",""
"2010","Deutschland (bis 1990 früheres Gebiet der BRD)","Jeweilige Preise, Euro pro Kopf","Bruttoinlandsprodukt zu Marktpreisen","31.940",""
"2010","Estland","Jeweilige Preise, Euro pro Kopf","Bruttoinlandsprodukt zu Marktpreisen","11.150",""
"2010","Irland","Jeweilige Preise, Euro pro Kopf","Bruttoinlandsprodukt zu Marktpreisen","36.790",""
"2010","Griechenland","Jeweilige Preise, Euro pro Kopf","Bruttoinlandsprodukt zu Marktpreisen","20.320",""
"2010","Spanien","Jeweilige Preise, Euro pro Kopf","Bruttoinlandsprodukt zu Marktpreisen","23.040",""
"2010","Frankreich","Jeweilige Preise, Euro pro Kopf","Bruttoinlandsprodukt zu Marktpreisen","30.690",""
"2010","Kroatien","Jeweilige Preise, Euro pro Kopf","Bruttoinlandsprodukt zu Marktpreisen","10.480",""
"2010","Italien","Jeweilige Preise, Euro pro Kopf","Bruttoinlandsprodukt zu Marktpreisen","26.930",""
"2010","Zypern","Jeweilige Preise, Euro pro Kopf","Bruttoinlandsprodukt zu Marktpreisen","23.400",""
"2010","Lettland","Jeweilige Preise, Euro pro Kopf","Bruttoinlandsprodukt zu Marktpreisen","8.500",""
"2010","Litauen","Jeweilige Preise, Euro pro Kopf","Bruttoinlandsprodukt zu Marktpreisen","9.030","b"
"2010","Luxemburg","Jeweilige Preise, Euro pro Kopf","Bruttoinlandsprodukt zu Marktpreisen","79.160",""
"2010","Ungarn","Jeweilige Preise, Euro pro Kopf","Bruttoinlandsprodukt zu Marktpreisen","9.900",""
"2010","Malta","Jeweilige Preise, Euro pro Kopf","Bruttoinlandsprodukt zu Marktpreisen","15.920",""
"2010","Niederlande","Jeweilige Preise, Euro pro Kopf","Bruttoinlandsprodukt zu Marktpreisen","38.470",""
"2010","Österreich","Jeweilige Preise, Euro pro Kopf","Bruttoinlandsprodukt zu Marktpreisen","35.390",""
"2010","Polen","Jeweilige Preise, Euro pro Kopf","Bruttoinlandsprodukt zu Marktpreisen","9.390",""
"2010","Portugal","Jeweilige Preise, Euro pro Kopf","Bruttoinlandsprodukt zu Marktpreisen","16.990",""
"2010","Rumänien","Jeweilige Preise, Euro pro Kopf","Bruttoinlandsprodukt zu Marktpreisen","6.190",""
"2010","Slowenien","Jeweilige Preise, Euro pro Kopf","Bruttoinlandsprodukt zu Marktpreisen","17.750",""
"2010","Slowakei","Jeweilige Preise, Euro pro Kopf","Bruttoinlandsprodukt zu Marktpreisen","12.540",""
"2010","Finnland","Jeweilige Preise, Euro pro Kopf","Bruttoinlandsprodukt zu Marktpreisen","35.080",""
"2010","Schweden","Jeweilige Preise, Euro pro Kopf","Bruttoinlandsprodukt zu Marktpreisen","39.920",""
"2010","Vereinigtes Königreich","Jeweilige Preise, Euro pro Kopf","Bruttoinlandsprodukt zu Marktpreisen","29.750",""
"2010","Island","Jeweilige Preise, Euro pro Kopf","Bruttoinlandsprodukt zu Marktpreisen","32.490",""
"2010","Liechtenstein","Jeweilige Preise, Euro pro Kopf","Bruttoinlandsprodukt zu Marktpreisen",":",""
"2010","Norwegen","Jeweilige Preise, Euro pro Kopf","Bruttoinlandsprodukt zu Marktpreisen","66.220",""
"2010","Schweiz","Jeweilige Preise, Euro pro Kopf","Bruttoinlandsprodukt zu Marktpreisen","56.150",""
"2010","Montenegro","Jeweilige Preise, Euro pro Kopf","Bruttoinlandsprodukt zu Marktpreisen","5.050",""
"2010","Nordmazedonien","Jeweilige Preise, Euro pro Kopf","Bruttoinlandsprodukt zu Marktpreisen","3.460","e"
"2010","Albanien","Jeweilige Preise, Euro pro Kopf","Bruttoinlandsprodukt zu Marktpreisen","3.090",""
"2010","Serbien","Jeweilige Preise, Euro pro Kopf","Bruttoinlandsprodukt zu Marktpreisen","4.330",""
"2010","Türkei","Jeweilige Preise, Euro pro Kopf","Bruttoinlandsprodukt zu Marktpreisen","7.940",""
"2010","Kosovo (gemäß der Resolution 1244/99 des Sicherheitsrates der Vereinten Nationen)","Jeweilige Preise, Euro pro Kopf","Bruttoinlandsprodukt zu Marktpreisen",":",""
"2011","Europäische Union - 28 Länder","Jeweilige Preise, Euro pro Kopf","Bruttoinlandsprodukt zu Marktpreisen","26.220",""
"2011","Europäische Union - 27 Länder (ab 2019)","Jeweilige Preise, Euro pro Kopf","Bruttoinlandsprodukt zu Marktpreisen","25.640",""
"2011","Europäische Union - 15 Länder (1995-2004)","Jeweilige Preise, Euro pro Kopf","Bruttoinlandsprodukt zu Marktpreisen","30.500",""
"2011","Euroraum (EA11-2000, EA12-2006, EA13-2007, EA15-2008, EA16-2010, EA17-2013, EA18-2014, EA19)","Jeweilige Preise, Euro pro Kopf","Bruttoinlandsprodukt zu Marktpreisen","29.480",""
"2011","Euroraum (19 Länder)","Jeweilige Preise, Euro pro Kopf","Bruttoinlandsprodukt zu Marktpreisen","29.190",""
"2011","Euroraum (12 Länder)","Jeweilige Preise, Euro pro Kopf","Bruttoinlandsprodukt zu Marktpreisen","29.930",""
"2011","Belgien","Jeweilige Preise, Euro pro Kopf","Bruttoinlandsprodukt zu Marktpreisen","34.200",""
"2011","Bulgarien","Jeweilige Preise, Euro pro Kopf","Bruttoinlandsprodukt zu Marktpreisen","5.610",""
"2011","Tschechien","Jeweilige Preise, Euro pro Kopf","Bruttoinlandsprodukt zu Marktpreisen","15.630",""
"2011","Dänemark","Jeweilige Preise, Euro pro Kopf","Bruttoinlandsprodukt zu Marktpreisen","44.500",""
"2011","Deutschland (bis 1990 früheres Gebiet der BRD)","Jeweilige Preise, Euro pro Kopf","Bruttoinlandsprodukt zu Marktpreisen","33.550",""
"2011","Estland","Jeweilige Preise, Euro pro Kopf","Bruttoinlandsprodukt zu Marktpreisen","12.660",""
"2011","Irland","Jeweilige Preise, Euro pro Kopf","Bruttoinlandsprodukt zu Marktpreisen","37.310",""
"2011","Griechenland","Jeweilige Preise, Euro pro Kopf","Bruttoinlandsprodukt zu Marktpreisen","18.640","p"
"2011","Spanien","Jeweilige Preise, Euro pro Kopf","Bruttoinlandsprodukt zu Marktpreisen","22.760",""
"2011","Frankreich","Jeweilige Preise, Euro pro Kopf","Bruttoinlandsprodukt zu Marktpreisen","31.510",""
"2011","Kroatien","Jeweilige Preise, Euro pro Kopf","Bruttoinlandsprodukt zu Marktpreisen","10.440",""
"2011","Italien","Jeweilige Preise, Euro pro Kopf","Bruttoinlandsprodukt zu Marktpreisen","27.450",""
"2011","Zypern","Jeweilige Preise, Euro pro Kopf","Bruttoinlandsprodukt zu Marktpreisen","23.270",""
"2011","Lettland","Jeweilige Preise, Euro pro Kopf","Bruttoinlandsprodukt zu Marktpreisen","9.820",""
"2011","Litauen","Jeweilige Preise, Euro pro Kopf","Bruttoinlandsprodukt zu Marktpreisen","10.310",""
"2011","Luxemburg","Jeweilige Preise, Euro pro Kopf","Bruttoinlandsprodukt zu Marktpreisen","83.100",""
"2011","Ungarn","Jeweilige Preise, Euro pro Kopf","Bruttoinlandsprodukt zu Marktpreisen","10.180",""
"2011","Malta","Jeweilige Preise, Euro pro Kopf","Bruttoinlandsprodukt zu Marktpreisen","16.420",""
"2011","Niederlande","Jeweilige Preise, Euro pro Kopf","Bruttoinlandsprodukt zu Marktpreisen","38.960",""
"2011","Österreich","Jeweilige Preise, Euro pro Kopf","Bruttoinlandsprodukt zu Marktpreisen","36.970",""
"2011","Polen","Jeweilige Preise, Euro pro Kopf","Bruttoinlandsprodukt zu Marktpreisen","9.870",""
"2011","Portugal","Jeweilige Preise, Euro pro Kopf","Bruttoinlandsprodukt zu Marktpreisen","16.680",""
"2011","Rumänien","Jeweilige Preise, Euro pro Kopf","Bruttoinlandsprodukt zu Marktpreisen","6.550",""
"2011","Slowenien","Jeweilige Preise, Euro pro Kopf","Bruttoinlandsprodukt zu Marktpreisen","18.050",""
"2011","Slowakei","Jeweilige Preise, Euro pro Kopf","Bruttoinlandsprodukt zu Marktpreisen","13.190",""
"2011","Finnland","Jeweilige Preise, Euro pro Kopf","Bruttoinlandsprodukt zu Marktpreisen","36.750",""
"2011","Schweden","Jeweilige Preise, Euro pro Kopf","Bruttoinlandsprodukt zu Marktpreisen","43.590",""
"2011","Vereinigtes Königreich","Jeweilige Preise, Euro pro Kopf","Bruttoinlandsprodukt zu Marktpreisen","30.220",""
"2011","Island","Jeweilige Preise, Euro pro Kopf","Bruttoinlandsprodukt zu Marktpreisen","34.130",""
"2011","Liechtenstein","Jeweilige Preise, Euro pro Kopf","Bruttoinlandsprodukt zu Marktpreisen",":",""
"2011","Norwegen","Jeweilige Preise, Euro pro Kopf","Bruttoinlandsprodukt zu Marktpreisen","72.350",""
"2011","Schweiz","Jeweilige Preise, Euro pro Kopf","Bruttoinlandsprodukt zu Marktpreisen","63.700",""
"2011","Montenegro","Jeweilige Preise, Euro pro Kopf","Bruttoinlandsprodukt zu Marktpreisen","5.270",""
"2011","Nordmazedonien","Jeweilige Preise, Euro pro Kopf","Bruttoinlandsprodukt zu Marktpreisen","3.660","e"
"2011","Albanien","Jeweilige Preise, Euro pro Kopf","Bruttoinlandsprodukt zu Marktpreisen","3.190",""
"2011","Serbien","Jeweilige Preise, Euro pro Kopf","Bruttoinlandsprodukt zu Marktpreisen","4.900",""
"2011","Türkei","Jeweilige Preise, Euro pro Kopf","Bruttoinlandsprodukt zu Marktpreisen","8.040",""
"2011","Kosovo (gemäß der Resolution 1244/99 des Sicherheitsrates der Vereinten Nationen)","Jeweilige Preise, Euro pro Kopf","Bruttoinlandsprodukt zu Marktpreisen",":",""
"2012","Europäische Union - 28 Länder","Jeweilige Preise, Euro pro Kopf","Bruttoinlandsprodukt zu Marktpreisen","26.680",""
"2012","Europäische Union - 27 Länder (ab 2019)","Jeweilige Preise, Euro pro Kopf","Bruttoinlandsprodukt zu Marktpreisen","25.750",""
"2012","Europäische Union - 15 Länder (1995-2004)","Jeweilige Preise, Euro pro Kopf","Bruttoinlandsprodukt zu Marktpreisen","31.030",""
"2012","Euroraum (EA11-2000, EA12-2006, EA13-2007, EA15-2008, EA16-2010, EA17-2013, EA18-2014, EA19)","Jeweilige Preise, Euro pro Kopf","Bruttoinlandsprodukt zu Marktpreisen","29.500",""
"2012","Euroraum (19 Länder)","Jeweilige Preise, Euro pro Kopf","Bruttoinlandsprodukt zu Marktpreisen","29.220",""
"2012","Euroraum (12 Länder)","Jeweilige Preise, Euro pro Kopf","Bruttoinlandsprodukt zu Marktpreisen","29.940",""
"2012","Belgien","Jeweilige Preise, Euro pro Kopf","Bruttoinlandsprodukt zu Marktpreisen","34.890",""
"2012","Bulgarien","Jeweilige Preise, Euro pro Kopf","Bruttoinlandsprodukt zu Marktpreisen","5.750","p"
"2012","Tschechien","Jeweilige Preise, Euro pro Kopf","Bruttoinlandsprodukt zu Marktpreisen","15.360",""
"2012","Dänemark","Jeweilige Preise, Euro pro Kopf","Bruttoinlandsprodukt zu Marktpreisen","45.530",""
"2012","Deutschland (bis 1990 früheres Gebiet der BRD)","Jeweilige Preise, Euro pro Kopf","Bruttoinlandsprodukt zu Marktpreisen","34.130",""
"2012","Estland","Jeweilige Preise, Euro pro Kopf","Bruttoinlandsprodukt zu Marktpreisen","13.620",""
"2012","Irland","Jeweilige Preise, Euro pro Kopf","Bruttoinlandsprodukt zu Marktpreisen","38.090",""
"2012","Griechenland","Jeweilige Preise, Euro pro Kopf","Bruttoinlandsprodukt zu Marktpreisen","17.310","p"
"2012","Spanien","Jeweilige Preise, Euro pro Kopf","Bruttoinlandsprodukt zu Marktpreisen","22.050",""
"2012","Frankreich","Jeweilige Preise, Euro pro Kopf","Bruttoinlandsprodukt zu Marktpreisen","31.820",""
"2012","Kroatien","Jeweilige Preise, Euro pro Kopf","Bruttoinlandsprodukt zu Marktpreisen","10.280",""
"2012","Italien","Jeweilige Preise, Euro pro Kopf","Bruttoinlandsprodukt zu Marktpreisen","26.920",""
"2012","Zypern","Jeweilige Preise, Euro pro Kopf","Bruttoinlandsprodukt zu Marktpreisen","22.500",""
"2012","Lettland","Jeweilige Preise, Euro pro Kopf","Bruttoinlandsprodukt zu Marktpreisen","10.870",""
"2012","Litauen","Jeweilige Preise, Euro pro Kopf","Bruttoinlandsprodukt zu Marktpreisen","11.160",""
"2012","Luxemburg","Jeweilige Preise, Euro pro Kopf","Bruttoinlandsprodukt zu Marktpreisen","83.000",""
"2012","Ungarn","Jeweilige Preise, Euro pro Kopf","Bruttoinlandsprodukt zu Marktpreisen","10.050",""
"2012","Malta","Jeweilige Preise, Euro pro Kopf","Bruttoinlandsprodukt zu Marktpreisen","17.060",""
"2012","Niederlande","Jeweilige Preise, Euro pro Kopf","Bruttoinlandsprodukt zu Marktpreisen","38.970",""
"2012","Österreich","Jeweilige Preise, Euro pro Kopf","Bruttoinlandsprodukt zu Marktpreisen","37.820",""
"2012","Polen","Jeweilige Preise, Euro pro Kopf","Bruttoinlandsprodukt zu Marktpreisen","10.100",""
"2012","Portugal","Jeweilige Preise, Euro pro Kopf","Bruttoinlandsprodukt zu Marktpreisen","16.010",""
"2012","Rumänien","Jeweilige Preise, Euro pro Kopf","Bruttoinlandsprodukt zu Marktpreisen","6.640",""
"2012","Slowenien","Jeweilige Preise, Euro pro Kopf","Bruttoinlandsprodukt zu Marktpreisen","17.630",""
"2012","Slowakei","Jeweilige Preise, Euro pro Kopf","Bruttoinlandsprodukt zu Marktpreisen","13.590",""
"2012","Finnland","Jeweilige Preise, Euro pro Kopf","Bruttoinlandsprodukt zu Marktpreisen","37.130",""
"2012","Schweden","Jeweilige Preise, Euro pro Kopf","Bruttoinlandsprodukt zu Marktpreisen","45.050",""
"2012","Vereinigtes Königreich","Jeweilige Preise, Euro pro Kopf","Bruttoinlandsprodukt zu Marktpreisen","33.150",""
"2012","Island","Jeweilige Preise, Euro pro Kopf","Bruttoinlandsprodukt zu Marktpreisen","35.730",""
"2012","Liechtenstein","Jeweilige Preise, Euro pro Kopf","Bruttoinlandsprodukt zu Marktpreisen",":",""
"2012","Norwegen","Jeweilige Preise, Euro pro Kopf","Bruttoinlandsprodukt zu Marktpreisen","79.000",""
"2012","Schweiz","Jeweilige Preise, Euro pro Kopf","Bruttoinlandsprodukt zu Marktpreisen","64.990",""
"2012","Montenegro","Jeweilige Preise, Euro pro Kopf","Bruttoinlandsprodukt zu Marktpreisen","5.130",""
"2012","Nordmazedonien","Jeweilige Preise, Euro pro Kopf","Bruttoinlandsprodukt zu Marktpreisen","3.680","e"
"2012","Albanien","Jeweilige Preise, Euro pro Kopf","Bruttoinlandsprodukt zu Marktpreisen","3.300",""
"2012","Serbien","Jeweilige Preise, Euro pro Kopf","Bruttoinlandsprodukt zu Marktpreisen","4.680",""
"2012","Türkei","Jeweilige Preise, Euro pro Kopf","Bruttoinlandsprodukt zu Marktpreisen","9.030",""
"2012","Kosovo (gemäß der Resolution 1244/99 des Sicherheitsrates der Vereinten Nationen)","Jeweilige Preise, Euro pro Kopf","Bruttoinlandsprodukt zu Marktpreisen",":",""
"2013","Europäische Union - 28 Länder","Jeweilige Preise, Euro pro Kopf","Bruttoinlandsprodukt zu Marktpreisen","26.850",""
"2013","Europäische Union - 27 Länder (ab 2019)","Jeweilige Preise, Euro pro Kopf","Bruttoinlandsprodukt zu Marktpreisen","26.000",""
"2013","Europäische Union - 15 Länder (1995-2004)","Jeweilige Preise, Euro pro Kopf","Bruttoinlandsprodukt zu Marktpreisen","31.170",""
"2013","Euroraum (EA11-2000, EA12-2006, EA13-2007, EA15-2008, EA16-2010, EA17-2013, EA18-2014, EA19)","Jeweilige Preise, Euro pro Kopf","Bruttoinlandsprodukt zu Marktpreisen","29.710",""
"2013","Euroraum (19 Länder)","Jeweilige Preise, Euro pro Kopf","Bruttoinlandsprodukt zu Marktpreisen","29.450",""
"2013","Euroraum (12 Länder)","Jeweilige Preise, Euro pro Kopf","Bruttoinlandsprodukt zu Marktpreisen","30.160",""
"2013","Belgien","Jeweilige Preise, Euro pro Kopf","Bruttoinlandsprodukt zu Marktpreisen","35.320",""
"2013","Bulgarien","Jeweilige Preise, Euro pro Kopf","Bruttoinlandsprodukt zu Marktpreisen","5.770","p"
"2013","Tschechien","Jeweilige Preise, Euro pro Kopf","Bruttoinlandsprodukt zu Marktpreisen","15.010",""
"2013","Dänemark","Jeweilige Preise, Euro pro Kopf","Bruttoinlandsprodukt zu Marktpreisen","46.100",""
"2013","Deutschland (bis 1990 früheres Gebiet der BRD)","Jeweilige Preise, Euro pro Kopf","Bruttoinlandsprodukt zu Marktpreisen","34.860",""
"2013","Estland","Jeweilige Preise, Euro pro Kopf","Bruttoinlandsprodukt zu Marktpreisen","14.420",""
"2013","Irland","Jeweilige Preise, Euro pro Kopf","Bruttoinlandsprodukt zu Marktpreisen","38.890",""
"2013","Griechenland","Jeweilige Preise, Euro pro Kopf","Bruttoinlandsprodukt zu Marktpreisen","16.480","p"
"2013","Spanien","Jeweilige Preise, Euro pro Kopf","Bruttoinlandsprodukt zu Marktpreisen","21.900",""
"2013","Frankreich","Jeweilige Preise, Euro pro Kopf","Bruttoinlandsprodukt zu Marktpreisen","32.080",""
"2013","Kroatien","Jeweilige Preise, Euro pro Kopf","Bruttoinlandsprodukt zu Marktpreisen","10.250",""
"2013","Italien","Jeweilige Preise, Euro pro Kopf","Bruttoinlandsprodukt zu Marktpreisen","26.590",""
"2013","Zypern","Jeweilige Preise, Euro pro Kopf","Bruttoinlandsprodukt zu Marktpreisen","20.880",""
"2013","Lettland","Jeweilige Preise, Euro pro Kopf","Bruttoinlandsprodukt zu Marktpreisen","11.350",""
"2013","Litauen","Jeweilige Preise, Euro pro Kopf","Bruttoinlandsprodukt zu Marktpreisen","11.830",""
"2013","Luxemburg","Jeweilige Preise, Euro pro Kopf","Bruttoinlandsprodukt zu Marktpreisen","85.270",""
"2013","Ungarn","Jeweilige Preise, Euro pro Kopf","Bruttoinlandsprodukt zu Marktpreisen","10.310",""
"2013","Malta","Jeweilige Preise, Euro pro Kopf","Bruttoinlandsprodukt zu Marktpreisen","17.950",""
"2013","Niederlande","Jeweilige Preise, Euro pro Kopf","Bruttoinlandsprodukt zu Marktpreisen","39.300",""
"2013","Österreich","Jeweilige Preise, Euro pro Kopf","Bruttoinlandsprodukt zu Marktpreisen","38.210",""
"2013","Polen","Jeweilige Preise, Euro pro Kopf","Bruttoinlandsprodukt zu Marktpreisen","10.250",""
"2013","Portugal","Jeweilige Preise, Euro pro Kopf","Bruttoinlandsprodukt zu Marktpreisen","16.300",""
"2013","Rumänien","Jeweilige Preise, Euro pro Kopf","Bruttoinlandsprodukt zu Marktpreisen","7.190",""
"2013","Slowenien","Jeweilige Preise, Euro pro Kopf","Bruttoinlandsprodukt zu Marktpreisen","17.700",""
"2013","Slowakei","Jeweilige Preise, Euro pro Kopf","Bruttoinlandsprodukt zu Marktpreisen","13.740",""
"2013","Finnland","Jeweilige Preise, Euro pro Kopf","Bruttoinlandsprodukt zu Marktpreisen","37.570",""
"2013","Schweden","Jeweilige Preise, Euro pro Kopf","Bruttoinlandsprodukt zu Marktpreisen","45.850",""
"2013","Vereinigtes Königreich","Jeweilige Preise, Euro pro Kopf","Bruttoinlandsprodukt zu Marktpreisen","32.730",""
"2013","Island","Jeweilige Preise, Euro pro Kopf","Bruttoinlandsprodukt zu Marktpreisen","37.260",""
"2013","Liechtenstein","Jeweilige Preise, Euro pro Kopf","Bruttoinlandsprodukt zu Marktpreisen","128.400",""
"2013","Norwegen","Jeweilige Preise, Euro pro Kopf","Bruttoinlandsprodukt zu Marktpreisen","77.440",""
"2013","Schweiz","Jeweilige Preise, Euro pro Kopf","Bruttoinlandsprodukt zu Marktpreisen","64.080",""
"2013","Montenegro","Jeweilige Preise, Euro pro Kopf","Bruttoinlandsprodukt zu Marktpreisen","5.410",""
"2013","Nordmazedonien","Jeweilige Preise, Euro pro Kopf","Bruttoinlandsprodukt zu Marktpreisen","3.950","e"
"2013","Albanien","Jeweilige Preise, Euro pro Kopf","Bruttoinlandsprodukt zu Marktpreisen","3.320",""
"2013","Serbien","Jeweilige Preise, Euro pro Kopf","Bruttoinlandsprodukt zu Marktpreisen","5.080",""
"2013","Türkei","Jeweilige Preise, Euro pro Kopf","Bruttoinlandsprodukt zu Marktpreisen","9.380",""
"2013","Kosovo (gemäß der Resolution 1244/99 des Sicherheitsrates der Vereinten Nationen)","Jeweilige Preise, Euro pro Kopf","Bruttoinlandsprodukt zu Marktpreisen",":",""
"2014","Europäische Union - 28 Länder","Jeweilige Preise, Euro pro Kopf","Bruttoinlandsprodukt zu Marktpreisen","27.720",""
"2014","Europäische Union - 27 Länder (ab 2019)","Jeweilige Preise, Euro pro Kopf","Bruttoinlandsprodukt zu Marktpreisen","26.550",""
"2014","Europäische Union - 15 Länder (1995-2004)","Jeweilige Preise, Euro pro Kopf","Bruttoinlandsprodukt zu Marktpreisen","32.160",""
"2014","Euroraum (EA11-2000, EA12-2006, EA13-2007, EA15-2008, EA16-2010, EA17-2013, EA18-2014, EA19)","Jeweilige Preise, Euro pro Kopf","Bruttoinlandsprodukt zu Marktpreisen","30.230",""
"2014","Euroraum (19 Länder)","Jeweilige Preise, Euro pro Kopf","Bruttoinlandsprodukt zu Marktpreisen","30.070",""
"2014","Euroraum (12 Länder)","Jeweilige Preise, Euro pro Kopf","Bruttoinlandsprodukt zu Marktpreisen","30.790",""
"2014","Belgien","Jeweilige Preise, Euro pro Kopf","Bruttoinlandsprodukt zu Marktpreisen","36.050",""
"2014","Bulgarien","Jeweilige Preise, Euro pro Kopf","Bruttoinlandsprodukt zu Marktpreisen","5.940","p"
"2014","Tschechien","Jeweilige Preise, Euro pro Kopf","Bruttoinlandsprodukt zu Marktpreisen","14.880",""
"2014","Dänemark","Jeweilige Preise, Euro pro Kopf","Bruttoinlandsprodukt zu Marktpreisen","47.090",""
"2014","Deutschland (bis 1990 früheres Gebiet der BRD)","Jeweilige Preise, Euro pro Kopf","Bruttoinlandsprodukt zu Marktpreisen","36.150",""
"2014","Estland","Jeweilige Preise, Euro pro Kopf","Bruttoinlandsprodukt zu Marktpreisen","15.340",""
"2014","Irland","Jeweilige Preise, Euro pro Kopf","Bruttoinlandsprodukt zu Marktpreisen","41.870",""
"2014","Griechenland","Jeweilige Preise, Euro pro Kopf","Bruttoinlandsprodukt zu Marktpreisen","16.400","p"
"2014","Spanien","Jeweilige Preise, Euro pro Kopf","Bruttoinlandsprodukt zu Marktpreisen","22.220",""
"2014","Frankreich","Jeweilige Preise, Euro pro Kopf","Bruttoinlandsprodukt zu Marktpreisen","32.420",""
"2014","Kroatien","Jeweilige Preise, Euro pro Kopf","Bruttoinlandsprodukt zu Marktpreisen","10.220",""
"2014","Italien","Jeweilige Preise, Euro pro Kopf","Bruttoinlandsprodukt zu Marktpreisen","26.770",""
"2014","Zypern","Jeweilige Preise, Euro pro Kopf","Bruttoinlandsprodukt zu Marktpreisen","20.420",""
"2014","Lettland","Jeweilige Preise, Euro pro Kopf","Bruttoinlandsprodukt zu Marktpreisen","11.860",""
"2014","Litauen","Jeweilige Preise, Euro pro Kopf","Bruttoinlandsprodukt zu Marktpreisen","12.460",""
"2014","Luxemburg","Jeweilige Preise, Euro pro Kopf","Bruttoinlandsprodukt zu Marktpreisen","89.240",""
"2014","Ungarn","Jeweilige Preise, Euro pro Kopf","Bruttoinlandsprodukt zu Marktpreisen","10.730",""
"2014","Malta","Jeweilige Preise, Euro pro Kopf","Bruttoinlandsprodukt zu Marktpreisen","19.570",""
"2014","Niederlande","Jeweilige Preise, Euro pro Kopf","Bruttoinlandsprodukt zu Marktpreisen","39.820",""
"2014","Österreich","Jeweilige Preise, Euro pro Kopf","Bruttoinlandsprodukt zu Marktpreisen","38.990",""
"2014","Polen","Jeweilige Preise, Euro pro Kopf","Bruttoinlandsprodukt zu Marktpreisen","10.680",""
"2014","Portugal","Jeweilige Preise, Euro pro Kopf","Bruttoinlandsprodukt zu Marktpreisen","16.640",""
"2014","Rumänien","Jeweilige Preise, Euro pro Kopf","Bruttoinlandsprodukt zu Marktpreisen","7.550",""
"2014","Slowenien","Jeweilige Preise, Euro pro Kopf","Bruttoinlandsprodukt zu Marktpreisen","18.250",""
"2014","Slowakei","Jeweilige Preise, Euro pro Kopf","Bruttoinlandsprodukt zu Marktpreisen","14.070",""
"2014","Finnland","Jeweilige Preise, Euro pro Kopf","Bruttoinlandsprodukt zu Marktpreisen","37.880",""
"2014","Schweden","Jeweilige Preise, Euro pro Kopf","Bruttoinlandsprodukt zu Marktpreisen","45.130",""
"2014","Vereinigtes Königreich","Jeweilige Preise, Euro pro Kopf","Bruttoinlandsprodukt zu Marktpreisen","35.760",""
"2014","Island","Jeweilige Preise, Euro pro Kopf","Bruttoinlandsprodukt zu Marktpreisen","40.900",""
"2014","Liechtenstein","Jeweilige Preise, Euro pro Kopf","Bruttoinlandsprodukt zu Marktpreisen","133.200",""
"2014","Norwegen","Jeweilige Preise, Euro pro Kopf","Bruttoinlandsprodukt zu Marktpreisen","73.180",""
"2014","Schweiz","Jeweilige Preise, Euro pro Kopf","Bruttoinlandsprodukt zu Marktpreisen","65.320",""
"2014","Montenegro","Jeweilige Preise, Euro pro Kopf","Bruttoinlandsprodukt zu Marktpreisen","5.560",""
"2014","Nordmazedonien","Jeweilige Preise, Euro pro Kopf","Bruttoinlandsprodukt zu Marktpreisen","4.140","e"
"2014","Albanien","Jeweilige Preise, Euro pro Kopf","Bruttoinlandsprodukt zu Marktpreisen","3.450",""
"2014","Serbien","Jeweilige Preise, Euro pro Kopf","Bruttoinlandsprodukt zu Marktpreisen","4.970",""
"2014","Türkei","Jeweilige Preise, Euro pro Kopf","Bruttoinlandsprodukt zu Marktpreisen","9.110",""
"2014","Kosovo (gemäß der Resolution 1244/99 des Sicherheitsrates der Vereinten Nationen)","Jeweilige Preise, Euro pro Kopf","Bruttoinlandsprodukt zu Marktpreisen",":",""
"2015","Europäische Union - 28 Länder","Jeweilige Preise, Euro pro Kopf","Bruttoinlandsprodukt zu Marktpreisen","29.140",""
"2015","Europäische Union - 27 Länder (ab 2019)","Jeweilige Preise, Euro pro Kopf","Bruttoinlandsprodukt zu Marktpreisen","27.470",""
"2015","Europäische Union - 15 Länder (1995-2004)","Jeweilige Preise, Euro pro Kopf","Bruttoinlandsprodukt zu Marktpreisen","33.760",""
"2015","Euroraum (EA11-2000, EA12-2006, EA13-2007, EA15-2008, EA16-2010, EA17-2013, EA18-2014, EA19)","Jeweilige Preise, Euro pro Kopf","Bruttoinlandsprodukt zu Marktpreisen","31.030",""
"2015","Euroraum (19 Länder)","Jeweilige Preise, Euro pro Kopf","Bruttoinlandsprodukt zu Marktpreisen","31.030",""
"2015","Euroraum (12 Länder)","Jeweilige Preise, Euro pro Kopf","Bruttoinlandsprodukt zu Marktpreisen","31.760",""
"2015","Belgien","Jeweilige Preise, Euro pro Kopf","Bruttoinlandsprodukt zu Marktpreisen","37.080",""
"2015","Bulgarien","Jeweilige Preise, Euro pro Kopf","Bruttoinlandsprodukt zu Marktpreisen","6.360","p"
"2015","Tschechien","Jeweilige Preise, Euro pro Kopf","Bruttoinlandsprodukt zu Marktpreisen","15.980",""
"2015","Dänemark","Jeweilige Preise, Euro pro Kopf","Bruttoinlandsprodukt zu Marktpreisen","48.050",""
"2015","Deutschland (bis 1990 früheres Gebiet der BRD)","Jeweilige Preise, Euro pro Kopf","Bruttoinlandsprodukt zu Marktpreisen","37.090",""
"2015","Estland","Jeweilige Preise, Euro pro Kopf","Bruttoinlandsprodukt zu Marktpreisen","15.820",""
"2015","Irland","Jeweilige Preise, Euro pro Kopf","Bruttoinlandsprodukt zu Marktpreisen","55.970",""
"2015","Griechenland","Jeweilige Preise, Euro pro Kopf","Bruttoinlandsprodukt zu Marktpreisen","16.380","p"
"2015","Spanien","Jeweilige Preise, Euro pro Kopf","Bruttoinlandsprodukt zu Marktpreisen","23.220",""
"2015","Frankreich","Jeweilige Preise, Euro pro Kopf","Bruttoinlandsprodukt zu Marktpreisen","33.020",""
"2015","Kroatien","Jeweilige Preise, Euro pro Kopf","Bruttoinlandsprodukt zu Marktpreisen","10.560",""
"2015","Italien","Jeweilige Preise, Euro pro Kopf","Bruttoinlandsprodukt zu Marktpreisen","27.260",""
"2015","Zypern","Jeweilige Preise, Euro pro Kopf","Bruttoinlandsprodukt zu Marktpreisen","21.030",""
"2015","Lettland","Jeweilige Preise, Euro pro Kopf","Bruttoinlandsprodukt zu Marktpreisen","12.350",""
"2015","Litauen","Jeweilige Preise, Euro pro Kopf","Bruttoinlandsprodukt zu Marktpreisen","12.850",""
"2015","Luxemburg","Jeweilige Preise, Euro pro Kopf","Bruttoinlandsprodukt zu Marktpreisen","91.440",""
"2015","Ungarn","Jeweilige Preise, Euro pro Kopf","Bruttoinlandsprodukt zu Marktpreisen","11.400",""
"2015","Malta","Jeweilige Preise, Euro pro Kopf","Bruttoinlandsprodukt zu Marktpreisen","21.690",""
"2015","Niederlande","Jeweilige Preise, Euro pro Kopf","Bruttoinlandsprodukt zu Marktpreisen","40.730",""
"2015","Österreich","Jeweilige Preise, Euro pro Kopf","Bruttoinlandsprodukt zu Marktpreisen","39.890",""
"2015","Polen","Jeweilige Preise, Euro pro Kopf","Bruttoinlandsprodukt zu Marktpreisen","11.190",""
"2015","Portugal","Jeweilige Preise, Euro pro Kopf","Bruttoinlandsprodukt zu Marktpreisen","17.350",""
"2015","Rumänien","Jeweilige Preise, Euro pro Kopf","Bruttoinlandsprodukt zu Marktpreisen","8.090",""
"2015","Slowenien","Jeweilige Preise, Euro pro Kopf","Bruttoinlandsprodukt zu Marktpreisen","18.830",""
"2015","Slowakei","Jeweilige Preise, Euro pro Kopf","Bruttoinlandsprodukt zu Marktpreisen","14.710",""
"2015","Finnland","Jeweilige Preise, Euro pro Kopf","Bruttoinlandsprodukt zu Marktpreisen","38.590",""
"2015","Schweden","Jeweilige Preise, Euro pro Kopf","Bruttoinlandsprodukt zu Marktpreisen","46.350",""
"2015","Vereinigtes Königreich","Jeweilige Preise, Euro pro Kopf","Bruttoinlandsprodukt zu Marktpreisen","40.560",""
"2015","Island","Jeweilige Preise, Euro pro Kopf","Bruttoinlandsprodukt zu Marktpreisen","47.400",""
"2015","Liechtenstein","Jeweilige Preise, Euro pro Kopf","Bruttoinlandsprodukt zu Marktpreisen","148.400",""
"2015","Norwegen","Jeweilige Preise, Euro pro Kopf","Bruttoinlandsprodukt zu Marktpreisen","66.970",""
"2015","Schweiz","Jeweilige Preise, Euro pro Kopf","Bruttoinlandsprodukt zu Marktpreisen","73.970",""
"2015","Montenegro","Jeweilige Preise, Euro pro Kopf","Bruttoinlandsprodukt zu Marktpreisen","5.870",""
"2015","Nordmazedonien","Jeweilige Preise, Euro pro Kopf","Bruttoinlandsprodukt zu Marktpreisen","4.380","e"
"2015","Albanien","Jeweilige Preise, Euro pro Kopf","Bruttoinlandsprodukt zu Marktpreisen","3.560",""
"2015","Serbien","Jeweilige Preise, Euro pro Kopf","Bruttoinlandsprodukt zu Marktpreisen","5.030",""
"2015","Türkei","Jeweilige Preise, Euro pro Kopf","Bruttoinlandsprodukt zu Marktpreisen","9.880",""
"2015","Kosovo (gemäß der Resolution 1244/99 des Sicherheitsrates der Vereinten Nationen)","Jeweilige Preise, Euro pro Kopf","Bruttoinlandsprodukt zu Marktpreisen",":",""
"2016","Europäische Union - 28 Länder","Jeweilige Preise, Euro pro Kopf","Bruttoinlandsprodukt zu Marktpreisen","29.310",""
"2016","Europäische Union - 27 Länder (ab 2019)","Jeweilige Preise, Euro pro Kopf","Bruttoinlandsprodukt zu Marktpreisen","28.160",""
"2016","Europäische Union - 15 Länder (1995-2004)","Jeweilige Preise, Euro pro Kopf","Bruttoinlandsprodukt zu Marktpreisen","33.860",""
"2016","Euroraum (EA11-2000, EA12-2006, EA13-2007, EA15-2008, EA16-2010, EA17-2013, EA18-2014, EA19)","Jeweilige Preise, Euro pro Kopf","Bruttoinlandsprodukt zu Marktpreisen","31.800",""
"2016","Euroraum (19 Länder)","Jeweilige Preise, Euro pro Kopf","Bruttoinlandsprodukt zu Marktpreisen","31.800",""
"2016","Euroraum (12 Länder)","Jeweilige Preise, Euro pro Kopf","Bruttoinlandsprodukt zu Marktpreisen","32.530",""
"2016","Belgien","Jeweilige Preise, Euro pro Kopf","Bruttoinlandsprodukt zu Marktpreisen","38.100",""
"2016","Bulgarien","Jeweilige Preise, Euro pro Kopf","Bruttoinlandsprodukt zu Marktpreisen","6.820","p"
"2016","Tschechien","Jeweilige Preise, Euro pro Kopf","Bruttoinlandsprodukt zu Marktpreisen","16.690",""
"2016","Dänemark","Jeweilige Preise, Euro pro Kopf","Bruttoinlandsprodukt zu Marktpreisen","49.420",""
"2016","Deutschland (bis 1990 früheres Gebiet der BRD)","Jeweilige Preise, Euro pro Kopf","Bruttoinlandsprodukt zu Marktpreisen","38.060",""
"2016","Estland","Jeweilige Preise, Euro pro Kopf","Bruttoinlandsprodukt zu Marktpreisen","16.490",""
"2016","Irland","Jeweilige Preise, Euro pro Kopf","Bruttoinlandsprodukt zu Marktpreisen","57.210",""
"2016","Griechenland","Jeweilige Preise, Euro pro Kopf","Bruttoinlandsprodukt zu Marktpreisen","16.380","p"
"2016","Spanien","Jeweilige Preise, Euro pro Kopf","Bruttoinlandsprodukt zu Marktpreisen","23.980",""
"2016","Frankreich","Jeweilige Preise, Euro pro Kopf","Bruttoinlandsprodukt zu Marktpreisen","33.430",""
"2016","Kroatien","Jeweilige Preise, Euro pro Kopf","Bruttoinlandsprodukt zu Marktpreisen","11.120",""
"2016","Italien","Jeweilige Preise, Euro pro Kopf","Bruttoinlandsprodukt zu Marktpreisen","27.970",""
"2016","Zypern","Jeweilige Preise, Euro pro Kopf","Bruttoinlandsprodukt zu Marktpreisen","22.160",""
"2016","Lettland","Jeweilige Preise, Euro pro Kopf","Bruttoinlandsprodukt zu Marktpreisen","12.800",""
"2016","Litauen","Jeweilige Preise, Euro pro Kopf","Bruttoinlandsprodukt zu Marktpreisen","13.560",""
"2016","Luxemburg","Jeweilige Preise, Euro pro Kopf","Bruttoinlandsprodukt zu Marktpreisen","93.930",""
"2016","Ungarn","Jeweilige Preise, Euro pro Kopf","Bruttoinlandsprodukt zu Marktpreisen","11.740",""
"2016","Malta","Jeweilige Preise, Euro pro Kopf","Bruttoinlandsprodukt zu Marktpreisen","22.750",""
"2016","Niederlande","Jeweilige Preise, Euro pro Kopf","Bruttoinlandsprodukt zu Marktpreisen","41.590",""
"2016","Österreich","Jeweilige Preise, Euro pro Kopf","Bruttoinlandsprodukt zu Marktpreisen","40.880",""
"2016","Polen","Jeweilige Preise, Euro pro Kopf","Bruttoinlandsprodukt zu Marktpreisen","11.100",""
"2016","Portugal","Jeweilige Preise, Euro pro Kopf","Bruttoinlandsprodukt zu Marktpreisen","18.060",""
"2016","Rumänien","Jeweilige Preise, Euro pro Kopf","Bruttoinlandsprodukt zu Marktpreisen","8.650",""
"2016","Slowenien","Jeweilige Preise, Euro pro Kopf","Bruttoinlandsprodukt zu Marktpreisen","19.550",""
"2016","Slowakei","Jeweilige Preise, Euro pro Kopf","Bruttoinlandsprodukt zu Marktpreisen","14.920",""
"2016","Finnland","Jeweilige Preise, Euro pro Kopf","Bruttoinlandsprodukt zu Marktpreisen","39.580",""
"2016","Schweden","Jeweilige Preise, Euro pro Kopf","Bruttoinlandsprodukt zu Marktpreisen","47.000",""
"2016","Vereinigtes Königreich","Jeweilige Preise, Euro pro Kopf","Bruttoinlandsprodukt zu Marktpreisen","37.090",""
"2016","Island","Jeweilige Preise, Euro pro Kopf","Bruttoinlandsprodukt zu Marktpreisen","55.590",""
"2016","Liechtenstein","Jeweilige Preise, Euro pro Kopf","Bruttoinlandsprodukt zu Marktpreisen","146.700","p"
"2016","Norwegen","Jeweilige Preise, Euro pro Kopf","Bruttoinlandsprodukt zu Marktpreisen","63.690",""
"2016","Schweiz","Jeweilige Preise, Euro pro Kopf","Bruttoinlandsprodukt zu Marktpreisen","72.460",""
"2016","Montenegro","Jeweilige Preise, Euro pro Kopf","Bruttoinlandsprodukt zu Marktpreisen","6.350",""
"2016","Nordmazedonien","Jeweilige Preise, Euro pro Kopf","Bruttoinlandsprodukt zu Marktpreisen","4.660","e"
"2016","Albanien","Jeweilige Preise, Euro pro Kopf","Bruttoinlandsprodukt zu Marktpreisen","3.730",""
"2016","Serbien","Jeweilige Preise, Euro pro Kopf","Bruttoinlandsprodukt zu Marktpreisen","5.200",""
"2016","Türkei","Jeweilige Preise, Euro pro Kopf","Bruttoinlandsprodukt zu Marktpreisen","9.840",""
"2016","Kosovo (gemäß der Resolution 1244/99 des Sicherheitsrates der Vereinten Nationen)","Jeweilige Preise, Euro pro Kopf","Bruttoinlandsprodukt zu Marktpreisen",":",""
"2017","Europäische Union - 28 Länder","Jeweilige Preise, Euro pro Kopf","Bruttoinlandsprodukt zu Marktpreisen","30.070",""
"2017","Europäische Union - 27 Länder (ab 2019)","Jeweilige Preise, Euro pro Kopf","Bruttoinlandsprodukt zu Marktpreisen","29.230",""
"2017","Europäische Union - 15 Länder (1995-2004)","Jeweilige Preise, Euro pro Kopf","Bruttoinlandsprodukt zu Marktpreisen","34.530",""
"2017","Euroraum (EA11-2000, EA12-2006, EA13-2007, EA15-2008, EA16-2010, EA17-2013, EA18-2014, EA19)","Jeweilige Preise, Euro pro Kopf","Bruttoinlandsprodukt zu Marktpreisen","32.850",""
"2017","Euroraum (19 Länder)","Jeweilige Preise, Euro pro Kopf","Bruttoinlandsprodukt zu Marktpreisen","32.850",""
"2017","Euroraum (12 Länder)","Jeweilige Preise, Euro pro Kopf","Bruttoinlandsprodukt zu Marktpreisen","33.580",""
"2017","Belgien","Jeweilige Preise, Euro pro Kopf","Bruttoinlandsprodukt zu Marktpreisen","39.330",""
"2017","Bulgarien","Jeweilige Preise, Euro pro Kopf","Bruttoinlandsprodukt zu Marktpreisen","7.390","p"
"2017","Tschechien","Jeweilige Preise, Euro pro Kopf","Bruttoinlandsprodukt zu Marktpreisen","18.100",""
"2017","Dänemark","Jeweilige Preise, Euro pro Kopf","Bruttoinlandsprodukt zu Marktpreisen","50.700",""
"2017","Deutschland (bis 1990 früheres Gebiet der BRD)","Jeweilige Preise, Euro pro Kopf","Bruttoinlandsprodukt zu Marktpreisen","39.260",""
"2017","Estland","Jeweilige Preise, Euro pro Kopf","Bruttoinlandsprodukt zu Marktpreisen","18.070",""
"2017","Irland","Jeweilige Preise, Euro pro Kopf","Bruttoinlandsprodukt zu Marktpreisen","61.870",""
"2017","Griechenland","Jeweilige Preise, Euro pro Kopf","Bruttoinlandsprodukt zu Marktpreisen","16.760","p"
"2017","Spanien","Jeweilige Preise, Euro pro Kopf","Bruttoinlandsprodukt zu Marktpreisen","24.970","p"
"2017","Frankreich","Jeweilige Preise, Euro pro Kopf","Bruttoinlandsprodukt zu Marktpreisen","34.220","p"
"2017","Kroatien","Jeweilige Preise, Euro pro Kopf","Bruttoinlandsprodukt zu Marktpreisen","11.820",""
"2017","Italien","Jeweilige Preise, Euro pro Kopf","Bruttoinlandsprodukt zu Marktpreisen","28.690",""
"2017","Zypern","Jeweilige Preise, Euro pro Kopf","Bruttoinlandsprodukt zu Marktpreisen","23.320",""
"2017","Lettland","Jeweilige Preise, Euro pro Kopf","Bruttoinlandsprodukt zu Marktpreisen","13.810",""
"2017","Litauen","Jeweilige Preise, Euro pro Kopf","Bruttoinlandsprodukt zu Marktpreisen","14.940",""
"2017","Luxemburg","Jeweilige Preise, Euro pro Kopf","Bruttoinlandsprodukt zu Marktpreisen","95.170",""
"2017","Ungarn","Jeweilige Preise, Euro pro Kopf","Bruttoinlandsprodukt zu Marktpreisen","12.830",""
"2017","Malta","Jeweilige Preise, Euro pro Kopf","Bruttoinlandsprodukt zu Marktpreisen","24.190",""
"2017","Niederlande","Jeweilige Preise, Euro pro Kopf","Bruttoinlandsprodukt zu Marktpreisen","43.090","p"
"2017","Österreich","Jeweilige Preise, Euro pro Kopf","Bruttoinlandsprodukt zu Marktpreisen","42.100",""
"2017","Polen","Jeweilige Preise, Euro pro Kopf","Bruttoinlandsprodukt zu Marktpreisen","12.160",""
"2017","Portugal","Jeweilige Preise, Euro pro Kopf","Bruttoinlandsprodukt zu Marktpreisen","19.020",""
"2017","Rumänien","Jeweilige Preise, Euro pro Kopf","Bruttoinlandsprodukt zu Marktpreisen","9.580",""
"2017","Slowenien","Jeweilige Preise, Euro pro Kopf","Bruttoinlandsprodukt zu Marktpreisen","20.810",""
"2017","Slowakei","Jeweilige Preise, Euro pro Kopf","Bruttoinlandsprodukt zu Marktpreisen","15.540",""
"2017","Finnland","Jeweilige Preise, Euro pro Kopf","Bruttoinlandsprodukt zu Marktpreisen","40.990",""
"2017","Schweden","Jeweilige Preise, Euro pro Kopf","Bruttoinlandsprodukt zu Marktpreisen","47.690",""
"2017","Vereinigtes Königreich","Jeweilige Preise, Euro pro Kopf","Bruttoinlandsprodukt zu Marktpreisen","35.780",""
"2017","Island","Jeweilige Preise, Euro pro Kopf","Bruttoinlandsprodukt zu Marktpreisen","63.130",""
"2017","Liechtenstein","Jeweilige Preise, Euro pro Kopf","Bruttoinlandsprodukt zu Marktpreisen","148.200","e"
"2017","Norwegen","Jeweilige Preise, Euro pro Kopf","Bruttoinlandsprodukt zu Marktpreisen","66.950",""
"2017","Schweiz","Jeweilige Preise, Euro pro Kopf","Bruttoinlandsprodukt zu Marktpreisen","71.260","p"
"2017","Montenegro","Jeweilige Preise, Euro pro Kopf","Bruttoinlandsprodukt zu Marktpreisen","6.910",""
"2017","Nordmazedonien","Jeweilige Preise, Euro pro Kopf","Bruttoinlandsprodukt zu Marktpreisen",":",""
"2017","Albanien","Jeweilige Preise, Euro pro Kopf","Bruttoinlandsprodukt zu Marktpreisen","4.020","p"
"2017","Serbien","Jeweilige Preise, Euro pro Kopf","Bruttoinlandsprodukt zu Marktpreisen","5.580",""
"2017","Türkei","Jeweilige Preise, Euro pro Kopf","Bruttoinlandsprodukt zu Marktpreisen","9.400",""
"2017","Kosovo (gemäß der Resolution 1244/99 des Sicherheitsrates der Vereinten Nationen)","Jeweilige Preise, Euro pro Kopf","Bruttoinlandsprodukt zu Marktpreisen",":",""
"2018","Europäische Union - 28 Länder","Jeweilige Preise, Euro pro Kopf","Bruttoinlandsprodukt zu Marktpreisen","30.960",""
"2018","Europäische Union - 27 Länder (ab 2019)","Jeweilige Preise, Euro pro Kopf","Bruttoinlandsprodukt zu Marktpreisen","30.150",""
"2018","Europäische Union - 15 Länder (1995-2004)","Jeweilige Preise, Euro pro Kopf","Bruttoinlandsprodukt zu Marktpreisen","35.390",""
"2018","Euroraum (EA11-2000, EA12-2006, EA13-2007, EA15-2008, EA16-2010, EA17-2013, EA18-2014, EA19)","Jeweilige Preise, Euro pro Kopf","Bruttoinlandsprodukt zu Marktpreisen","33.830",""
"2018","Euroraum (19 Länder)","Jeweilige Preise, Euro pro Kopf","Bruttoinlandsprodukt zu Marktpreisen","33.830",""
"2018","Euroraum (12 Länder)","Jeweilige Preise, Euro pro Kopf","Bruttoinlandsprodukt zu Marktpreisen","34.550",""
"2018","Belgien","Jeweilige Preise, Euro pro Kopf","Bruttoinlandsprodukt zu Marktpreisen","40.320",""
"2018","Bulgarien","Jeweilige Preise, Euro pro Kopf","Bruttoinlandsprodukt zu Marktpreisen","7.980","p"
"2018","Tschechien","Jeweilige Preise, Euro pro Kopf","Bruttoinlandsprodukt zu Marktpreisen","19.550",""
"2018","Dänemark","Jeweilige Preise, Euro pro Kopf","Bruttoinlandsprodukt zu Marktpreisen","52.010",""
"2018","Deutschland (bis 1990 früheres Gebiet der BRD)","Jeweilige Preise, Euro pro Kopf","Bruttoinlandsprodukt zu Marktpreisen","40.340",""
"2018","Estland","Jeweilige Preise, Euro pro Kopf","Bruttoinlandsprodukt zu Marktpreisen","19.740",""
"2018","Irland","Jeweilige Preise, Euro pro Kopf","Bruttoinlandsprodukt zu Marktpreisen","66.670",""
"2018","Griechenland","Jeweilige Preise, Euro pro Kopf","Bruttoinlandsprodukt zu Marktpreisen","17.220","p"
"2018","Spanien","Jeweilige Preise, Euro pro Kopf","Bruttoinlandsprodukt zu Marktpreisen","25.730","p"
"2018","Frankreich","Jeweilige Preise, Euro pro Kopf","Bruttoinlandsprodukt zu Marktpreisen","34.980","p"
"2018","Kroatien","Jeweilige Preise, Euro pro Kopf","Bruttoinlandsprodukt zu Marktpreisen","12.570","p"
"2018","Italien","Jeweilige Preise, Euro pro Kopf","Bruttoinlandsprodukt zu Marktpreisen","29.220",""
"2018","Zypern","Jeweilige Preise, Euro pro Kopf","Bruttoinlandsprodukt zu Marktpreisen","24.290","p"
"2018","Lettland","Jeweilige Preise, Euro pro Kopf","Bruttoinlandsprodukt zu Marktpreisen","15.130",""
"2018","Litauen","Jeweilige Preise, Euro pro Kopf","Bruttoinlandsprodukt zu Marktpreisen","16.160",""
"2018","Luxemburg","Jeweilige Preise, Euro pro Kopf","Bruttoinlandsprodukt zu Marktpreisen","98.640",""
"2018","Ungarn","Jeweilige Preise, Euro pro Kopf","Bruttoinlandsprodukt zu Marktpreisen","13.690",""
"2018","Malta","Jeweilige Preise, Euro pro Kopf","Bruttoinlandsprodukt zu Marktpreisen","25.510",""
"2018","Niederlande","Jeweilige Preise, Euro pro Kopf","Bruttoinlandsprodukt zu Marktpreisen","44.920","p"
"2018","Österreich","Jeweilige Preise, Euro pro Kopf","Bruttoinlandsprodukt zu Marktpreisen","43.640",""
"2018","Polen","Jeweilige Preise, Euro pro Kopf","Bruttoinlandsprodukt zu Marktpreisen","12.920",""
"2018","Portugal","Jeweilige Preise, Euro pro Kopf","Bruttoinlandsprodukt zu Marktpreisen","19.830","p"
"2018","Rumänien","Jeweilige Preise, Euro pro Kopf","Bruttoinlandsprodukt zu Marktpreisen","10.420","p"
"2018","Slowenien","Jeweilige Preise, Euro pro Kopf","Bruttoinlandsprodukt zu Marktpreisen","22.080",""
"2018","Slowakei","Jeweilige Preise, Euro pro Kopf","Bruttoinlandsprodukt zu Marktpreisen","16.470",""
"2018","Finnland","Jeweilige Preise, Euro pro Kopf","Bruttoinlandsprodukt zu Marktpreisen","42.500",""
"2018","Schweden","Jeweilige Preise, Euro pro Kopf","Bruttoinlandsprodukt zu Marktpreisen","46.310",""
"2018","Vereinigtes Königreich","Jeweilige Preise, Euro pro Kopf","Bruttoinlandsprodukt zu Marktpreisen","36.410",""
"2018","Island","Jeweilige Preise, Euro pro Kopf","Bruttoinlandsprodukt zu Marktpreisen","62.340",""
"2018","Liechtenstein","Jeweilige Preise, Euro pro Kopf","Bruttoinlandsprodukt zu Marktpreisen",":",""
"2018","Norwegen","Jeweilige Preise, Euro pro Kopf","Bruttoinlandsprodukt zu Marktpreisen","69.230",""
"2018","Schweiz","Jeweilige Preise, Euro pro Kopf","Bruttoinlandsprodukt zu Marktpreisen","70.120","p"
"2018","Montenegro","Jeweilige Preise, Euro pro Kopf","Bruttoinlandsprodukt zu Marktpreisen","7.490",""
"2018","Nordmazedonien","Jeweilige Preise, Euro pro Kopf","Bruttoinlandsprodukt zu Marktpreisen",":",""
"2018","Albanien","Jeweilige Preise, Euro pro Kopf","Bruttoinlandsprodukt zu Marktpreisen",":",""
"2018","Serbien","Jeweilige Preise, Euro pro Kopf","Bruttoinlandsprodukt zu Marktpreisen","6.140",""
"2018","Türkei","Jeweilige Preise, Euro pro Kopf","Bruttoinlandsprodukt zu Marktpreisen","8.020",""
"2018","Kosovo (gemäß der Resolution 1244/99 des Sicherheitsrates der Vereinten Nationen)","Jeweilige Preise, Euro pro Kopf","Bruttoinlandsprodukt zu Marktpreisen",":",""
